CODICE_ATS,ATS,CODICE_ASST,ASST,AMBITO,COD_EG,DENOMINAZIONE_EG,CODICE_FISCALE_EG,PARTITA_IVA_EG,UNITA_OFFERTE_SOCIALI,CODICE_CUDES,DENOMINAZIONE_STRUTTURA,NR_POSTI,PROV,CAP,COMUNE_DI_UBICAZIONE,FRAZIONE,INDIRIZZO_STRUTTURA,TELEFONO_STRUTTURA,FAX_STRUTTURA,EMAIL_STRUTTURA,SITO_WEB_MAIL,WGS84_Y,WGS84_X,location
030327,ATS DELLA VAL PADANA,030725,ASST DI MANTOVA,GUIDIZZOLO,134628,CENTRO SOCIALE OASI AUSER,90012630209,90012630209,CENTRO DIURNI ANZIANI,054553,CENTRO SOCIALE OASI AUSER AUSER,45,MN,46040,CAVRIANA,,"VIA CROCE BIANCA,48",,,,,45.34378,10.59768,POINT (10.59768 45.34378)
030322,ATS DELL'INSUBRIA,030710,ASST DEI SETTE LAGHI,CITTIGLIO,122009,COMUNE DI BIANDRONNO,00308160126,00308160126,CENTRO DIURNI ANZIANI,054534,"CENTRO DIURNO ANZIANI ""ISOLINO VIRGINIA""",100,VA,21024,BIANDRONNO,,"VIA VITTORIO VENETO,SNC",0332/766514,,CSABIANDRONNO@GMAIL.COM,,45.8051954,8.7082139,POINT (8.7082139 45.8051954)
030322,ATS DELL'INSUBRIA,030710,ASST DEI SETTE LAGHI,CITTIGLIO,121988,COMUNE DI BESOZZO,00338010127,00338010127,CENTRO DIURNI ANZIANI,054385,CENTRO DIVERS' ETA',40,VA,21023,BESOZZO,,"VIA D.ZANGRILLI,12",0332770262,,CENTROANZIANIBESOZZO@LIBERO.IT,WWW.COMUNE.BESOZZO.VA.IT,45.842674,8.6629424,POINT (8.6629424 45.842674)
030321,ATS DELLA CITTA' METROPOLITANA DI MILANO,030708,ASST MELEGNANO E DELLA MARTESANA,VISCONTEO SUD MILANO,201480,ROMEO S.R.L.,14296690960,14296690960,ALLOGGIO PROTETTO ANZIANI,049942,APPARTAMENTI PROTETTI,100,MI,20082,BINASCO,,VIA STRADA CERCA,02900351,,INFO.RESIDENZEHELIOPOLIS@KORIAN.IT,,45.338127985754,9.103473727174,POINT (9.103473727174 45.338127985754)
030324,ATS DELLA BRIANZA,030715,ASST DI LECCO,LECCO,690672,KCS CAREGIVER COOPERATIVA SOCIALE,02125100160,02125100160,ALLOGGIO PROTETTO ANZIANI,052493,SANTA MARGHERITA,15,LC,23854,OLGINATE,,"VIA CESARE CANTU',75/B",0341 6534100,,OLGINATE@VILLASERENASPA.IT,,45.7920891,9.4167661,POINT (9.4167661 45.7920891)
030322,ATS DELL'INSUBRIA,030712,ASST LARIANA,COMO,120141,OPERE SOCIALI LARIANE,03440410136,03440410136,ALLOGGIO PROTETTO ANZIANI,047724,CASA ALBERGO BELLAGIO,11,CO,22021,BELLAGIO,,"VIA AL PERLO,7",338 7235008,,,,45.9738765,9.2480171,POINT (9.2480171 45.9738765)
030321,ATS DELLA CITTA' METROPOLITANA DI MILANO,030709,ASST DI LODI,LODI,175992,VILLA LAUS SRL,12146530964,12146530964,ALLOGGIO PROTETTO ANZIANI,091326,RESIDENZA ALIVERDI,36,LO,26816,OSSAGO LODIGIANO,,"VIA LODI,8",3356695526,,OSSAGO@PERANZIANI.IT,,45.2449876,9.538293,POINT (9.538293 45.2449876)
030321,ATS DELLA CITTA' METROPOLITANA DI MILANO,030709,ASST DI LODI,LODI,690837,FONDAZIONE  ING. PIETRO ZONCADA ETS,92505570157,08661880156,ALLOGGIO PROTETTO ANZIANI,048104,ALLOGGI PROTETTI PER ANZIANI - ZONCADA,13,LO,26812,BORGHETTO LODIGIANO,,"VIA FELICE CAVALLOTTI,21",0371/80253,,RAGIONERIA@FONDAZIONEZONCADA.IT,,45.2122237,9.5004328,POINT (9.5004328 45.2122237)
030323,ATS DELLA MONTAGNA,030713,ASST DELLA VALTELLINA E DELL'ALTO LARIO,SONDRIO,732596,GRANDANGOLO SOCIETA' COOPERATIVA SOCIALE,00523750149,00523750149,ALLOGGIO PROTETTO ANZIANI,067308,ALLOGGIO PROTETTO PER ANZIANI,8,SO,23100,SONDRIO,,"VIA DON LUIGI GUANELLA,19",0342 018684,,MINIALLOGGI@GRANDANGOLO.COOP,,46.16423,9.86576,POINT (9.86576 46.16423)
030322,ATS DELL'INSUBRIA,030711,ASST DELLA VALLE OLONA,GALLARATE,121986,ASSOCIAZIONE CENTRO DIURNO ANZIANI DI CASA MAURIZI,91022470123,91022470123,CENTRO DIURNI ANZIANI,055596,CENTRO DIURNO ANZIANI DI CASA MAURIZI,100,VA,21012,CASSANO MAGNAGO,,"VIA CAVALIERE AMBROGIO COLOMBO,32",0331/200584,,,,45.67485,8.82667,POINT (8.82667 45.67485)
030323,ATS DELLA MONTAGNA,030713,ASST DELLA VALTELLINA E DELL'ALTO LARIO,MORBEGNO,690558,CASA DI RIPOSO DI TALAMONA ONLUS,00416660140,00416660140,ALLOGGIO PROTETTO ANZIANI,090617,ALL'OMBRA DEL GELSO,7,SO,23018,TALAMONA,,"VIA GAVAZZENI,64/B",,,,,46.1365875,9.6117418,POINT (9.6117418 46.1365875)
030328,ATS DI PAVIA,030727,ASST DI PAVIA,PAVIA,170592,OVER TICINUM SRL,11632820962,11632820962,ALLOGGIO PROTETTO ANZIANI,055505,AZALEA,5,PV,27100,PAVIA,,"VIALE LODI,47",0382/468915,,INFO@OVERTICINUM.IT,,45.18836,9.18742,POINT (9.18742 45.18836)
030322,ATS DELL'INSUBRIA,030711,ASST DELLA VALLE OLONA,CASTELLANZA,170992,COOPERATIVA SOCIALE IL NIDO DELLE RONDINI ONLUS,03802150130,03802150130,CENTRO DIURNI ANZIANI,083909,IL NIDO DELLE RONDINI,30,VA,21054,FAGNANO OLONA,,"VIA GIOVANNI DON MINZONI, 11",338/5374814,,ILNIDODELLERONDINI@PEC.IT,WWW.NIDODELLERONDINIONLUS.IT,45.6756012,8.8590931,POINT (8.8590931 45.6756012)
030327,ATS DELLA VAL PADANA,030725,ASST DI MANTOVA,ASOLA,690763,COMUNE DI CASTEL GOFFREDO,81001030204,00521810200,ALLOGGIO PROTETTO ANZIANI,050962,MINI ALLOGGI PROTETTI PER ANZIANI IL GELSO,19,MN,46042,CASTEL GOFFREDO,,"VIA MONTE BALDO,X",,,,,45.293324,10.4700507,POINT (10.4700507 45.293324)
030326,ATS DI BRESCIA,030723,ASST DEL GARDA,GARDA - SALO' - 11,119669,FONDAZIONE CASA SOGGIORNO PER ANZIANI ONLUS,84001418178,0804850980,ALLOGGIO PROTETTO ANZIANI,052809,APPARTAMENTI PROTETTI C/O RSA BEDIZZOLE,14,BS,25081,BEDIZZOLE,,"VIA SONVIGO,22",030/674377,,CSABEDIZZOLE@LEGALMAIL.IT,,45.5094289,10.4316265,POINT (10.4316265 45.5094289)
030322,ATS DELL'INSUBRIA,030710,ASST DEI SETTE LAGHI,CITTIGLIO,122000,ASSOCIAZIONE CENTRO TERZA ETA' GAVIRATESE,92004440126,92004440126,CENTRO DIURNI ANZIANI,056821,CENTRO TERZA ETA GAVIRATESE,50,VA,21026,GAVIRATE,,"PIAZZA DELLA REPUBBLICA,1",0332 747444,,TERZAETAGAVIRATE@GMAIL.COM,,45.844027,8.716576,POINT (8.716576 45.844027)
030321,ATS DELLA CITTA' METROPOLITANA DI MILANO,030705,ASST OVEST MILANESE,ALTO MILANESE,690603,LA MERIDIANA SOCIETA' COOPERATIVA SOCIALE,08400690155,02322460961,ALLOGGIO PROTETTO ANZIANI,054965,CENTRO GINETTA COLOMBO,46,MI,20023,CERRO MAGGIORE,,"PIAZZA DELLA CONCORDIA,1",0331528700,,CERRO@COOPLAMERIDIANA.IT,HTTPS://COOPLAMERIDIANA.IT,45.5902146,8.949612,POINT (8.949612 45.5902146)
030326,ATS DI BRESCIA,030722,ASST DELLA FRANCIACORTA,OGLIO OVEST - 7,135991,ASSOCIAZIONE AMICI CASA DI RIPOSO,01999970989,01999970989,CENTRO DIURNI ANZIANI,051646,CENTRO DIURNO ANZIANI,100,BS,25038,ROVATO,,"VIA SAN MARTINO DELLA BATTAGLIA,21",030/7722095,,,,45.56262,10.00118,POINT (10.00118 45.56262)
030322,ATS DELL'INSUBRIA,030712,ASST LARIANA,LOMAZZO - FINO MORNASCO,120850,REMBRANDT COOPERATIVA SOCIALE,01957760133,01957760133,ALLOGGIO PROTETTO ANZIANI,098272,PARROCCHIA DI ROVELLASCA,8,CO,22069,ROVELLASCA,,"VIA GIOVANNI BATTISTA GRASSI, 1",348/3982866,,ASSISTENZA@GRUPPOFINISTERRE.ORG,,45.667478714915,9.054497596367,POINT (9.054497596367 45.667478714915)
030324,ATS DELLA BRIANZA,030717,ASST DELLA BRIANZA,CARATE BRIANZA,121499,COMUNE DI BESANA IN BRIANZA,01556360152,00717350961,CENTRO DIURNI ANZIANI,052002,CENTRO DIURNO ANZIANI,30,MB,20842,BESANA IN BRIANZA,,"VIA LUIGI VIARANA,6",0362 922027,,SERVIZISOCIALI@COMUNE.BESANAINBRIANZA.MB.IT,,45.700354,9.2873227,POINT (9.2873227 45.700354)
030322,ATS DELL'INSUBRIA,030711,ASST DELLA VALLE OLONA,BUSTO ARSIZIO,732610,ALISEI SOCIETA' COOPERATIVA SOCIALE,03027420128,03027420128,ALLOGGIO PROTETTO ANZIANI,099742,CASA DI CORTE NUOVA,50,VA,21052,BUSTO ARSIZIO,,"VIALE DELLA REPUBBLICA, 44",3471231716,,INFO@COOPERATIVAALISEI.IT,,45.626290000801,8.832204327375,POINT (8.832204327375 45.626290000801)
030321,ATS DELLA CITTA' METROPOLITANA DI MILANO,030703,ASST FATEBENEFRATELLI SACCO,MILANO CITTA',690790,COOPERATIVA SOCIALE COOPSELIOS SOCIETA' COOPERATIVA ONLUS,01164310359,01164310359,ALLOGGIO PROTETTO ANZIANI,050998,APA VIA QUARENGHI 22,28,MI,20151,MILANO,,"VIA GIACOMO QUARENGHI,24",02 30083090,,INFOMI@COOPSELIOS.COM,WWW.COOPSELIOS.COM,45.4962076,9.1162708,POINT (9.1162708 45.4962076)
030327,ATS DELLA VAL PADANA,030725,ASST DI MANTOVA,MANTOVA,100880,CORESS SOCIETA' COOPERATIVA SOCIALE,01068200359,01068200359,ALLOGGIO PROTETTO ANZIANI,097795,CASA PACE,4,MN,46100,MANTOVA,,"VIA CARLO MONTANARI, 20",0376328957,,CASAPACE@CORESSAI.ORG,,45.1619595965,10.7969954381,POINT (10.7969954381 45.1619595965)
030328,ATS DI PAVIA,030727,ASST DI PAVIA,BRONI E CASTEGGIO,690840,FONDAZIONE CONTE FRANCO CELLA DI RIVARA ONLUS,84003740184,01331740181,ALLOGGIO PROTETTO ANZIANI,055555,ALLOGGIO PROTETTO ANZIANI,15,PV,27043,BRONI,,"VIALE GIACOMO MATTEOTTI,2 A",0385257111,,INFO@FONDAZIONECELLA.IT,,45.06474487,9.26247114,POINT (9.26247114 45.06474487)
030326,ATS DI BRESCIA,030721,ASST DEGLI SPEDALI CIVILI DI BRESCIA,BRESCIA - 1,122349,VITTORIA S.R.L.,03534260983,03534260983,ALLOGGIO PROTETTO ANZIANI,053291,CASA RELAIS,28,BS,25122,BRESCIA,,"VIA ELIA CAPRIOLO,53",0302035400,,CUSTOMERSERVICE@KORIAN.IT,HTTPS://WWW.KORIAN.IT/SERVIZI,45.54294,10.21204,POINT (10.21204 45.54294)
030328,ATS DI PAVIA,030727,ASST DI PAVIA,PAVIA,690769,COOPERATIVA SOCIALE ARCOBALENO SOCIETA' PER AZIONI,01967560184,01967560184,ALLOGGIO PROTETTO ANZIANI,057039,ARCOBALENO,117,PV,27051,CAVA MANARA,,"VIA FERRUCCIO BELLI,8",0382557311,,INFO@ARCOBALENOASSISTENZA.IT,WWW.ARCOBALENOASSISTENZA.IT,45.14188,9.1027,POINT (9.1027 45.14188)
030322,ATS DELL'INSUBRIA,030710,ASST DEI SETTE LAGHI,AZZATE,690776,FONDAZIONE SACRA FAMIGLIA ETS,03034530158,00795470152,ALLOGGIO PROTETTO ANZIANI,054585,FONDAZIONE ALETTI-BECCALLI-MOSCA ONLUS,32,VA,21040,CASTRONNO,,"VIA STAZIONE,2",0332892781,,LAMAGNOLIA@SACRAFAMIGLIA.ORG,WWW.RESIDENZALAMAGNOLIA.IT,45.7452309,8.8107321,POINT (8.8107321 45.7452309)
030322,ATS DELL'INSUBRIA,030710,ASST DEI SETTE LAGHI,AZZATE,120850,REMBRANDT COOPERATIVA SOCIALE,01957760133,01957760133,ALLOGGIO PROTETTO ANZIANI,100196,VILLA MAGNOLIA,32,VA,21040,CASTRONNO,,"VIA STAZIONE, 2",,,SEGRETERIA@GRUPPOFINISTERRE.ORG,,45.745230883241,8.810732070734,POINT (8.810732070734 45.745230883241)
030327,ATS DELLA VAL PADANA,030725,ASST DI MANTOVA,MANTOVA,690747,UNITA' GERIATRICA RIABILITATIVA ETS,01541030209,01541030209,ALLOGGIO PROTETTO ANZIANI,052170,U.G.R. ONLUS ALLOGGI PROTETTI PER ANZIANI,15,MN,46010,CURTATONE,,"VIA DANTE ALIGHIERI,41",0376-267511,,UGR@UGRONLUS.IT,WWW.UGRONLUS.ORG,45.1367107,10.74054,POINT (10.74054 45.1367107)
030321,ATS DELLA CITTA' METROPOLITANA DI MILANO,030706,ASST RHODENSE,RHO,121101,COMUNE DI CORNAREDO,02981700152,02981700152,ALLOGGIO PROTETTO ANZIANI,048610,IL MELOGRANO,9,MI,20007,CORNAREDO,,"VIA BRERA,31",0293263300,,DFARANDA@COMUNE.CORNAREDO.MI.IT,,45.49885,9.02882,POINT (9.02882 45.49885)
030322,ATS DELL'INSUBRIA,030711,ASST DELLA VALLE OLONA,SARONNO,120850,REMBRANDT COOPERATIVA SOCIALE,01957760133,01957760133,ALLOGGIO PROTETTO ANZIANI,071408,RESIDENZE L'ULIVO,12,VA,21047,SARONNO,,"VIA LUIGI CARONNI,31/A",02 9603758,,ASSISTENZA@GRUPPOFINISTERRE.ORG,,45.62485,9.03472,POINT (9.03472 45.62485)
030327,ATS DELLA VAL PADANA,030725,ASST DI MANTOVA,GUIDIZZOLO,690467,FONDAZIONE FRANCO NICOLAI ETS,81003970209,01564480208,ALLOGGIO PROTETTO ANZIANI,050965,ALLOGGI PROTETTI PER ANZIANI,4,MN,46049,VOLTA MANTOVANA,,"VIA SAN MARTINO,74",,,,,45.32409,10.65901,POINT (10.65901 45.32409)
030321,ATS DELLA CITTA' METROPOLITANA DI MILANO,030706,ASST RHODENSE,GARBAGNATE MILANESE,691838,COMUNE DI GARBAGNATE MILANESE,00792720153,00792720153,CENTRO DIURNI ANZIANI,050049,C.D.A CENTRO VARI.ETA',100,MI,20024,GARBAGNATE MILANESE,,"VIA BOLZANO,22",0278618600,,CADELDI@COMUNE.GARBAGNATE-MILANESE.MI.IT,,45.57802,9.07026,POINT (9.07026 45.57802)
030321,ATS DELLA CITTA' METROPOLITANA DI MILANO,030706,ASST RHODENSE,RHO,192912,OVER CARE SRL,10831500961,10831500961,ALLOGGIO PROTETTO ANZIANI,095269,VILLA VILMA,54,MI,20007,CORNAREDO,,"VIA GIACOMO MATTEOTTI,16",0298670181,,OVERCORNAREDO@OVERHOLDING.COM,,45.49456,9.02188,POINT (9.02188 45.49456)
030324,ATS DELLA BRIANZA,030717,ASST DELLA BRIANZA,VIMERCATE,691775,L'ARCOBALENO SOCIETA' COOPERATIVA SOCIALE - ONLUS,01461770131,01461770131,ALLOGGIO PROTETTO ANZIANI,056908,CENTRO POLIFUNZIONALE MARIA BAMBINA,17,MB,20882,BELLUSCO,,"VIA ROMA,7",039623636,,INFO@LARCOBALENO.COOP,WWW.LARCOBALENO.COOP,45.6185129,9.4197378,POINT (9.4197378 45.6185129)
030327,ATS DELLA VAL PADANA,030725,ASST DI MANTOVA,MANTOVA,691118,I GIRASOLI S.P.A.,01799680358,01799680358,ALLOGGIO PROTETTO ANZIANI,054793,I GIRASOLI,33,MN,46034,BORGO VIRGILIO,,"VIA M.K.GANDHI,1",0376/281702,,GIRASOLI@LAPINETASC.IT,WWW.GIRASOLIRSA.IT,45.11582,10.7813,POINT (10.7813 45.11582)
030328,ATS DI PAVIA,030727,ASST DI PAVIA,ALTO E BASSO PAVESE,690769,COOPERATIVA SOCIALE ARCOBALENO SOCIETA' PER AZIONI,01967560184,01967560184,ALLOGGIO PROTETTO ANZIANI,055914,ALLOGGI PROTETTI ARCOBALENO,24,PV,27010,LINAROLO,,"VIA NOBILI,115",0382/557311,,INFO@ARCOBALENOASSISTENZA.IT,,45.15743399,9.22902604,POINT (9.22902604 45.15743399)
030328,ATS DI PAVIA,030727,ASST DI PAVIA,BRONI E CASTEGGIO,121728,PARROCCHIA SANTA MARIA ASSUNTA,86002330180,01883340182,CENTRO DIURNI ANZIANI,055511,CENTRO DIURNO ANZIANI,20,PV,27053,LUNGAVILLA,,"PIAZZA SACRO CUORE,1",0383/76651,,SEGRETERIA@PARROCCHIADILUNGAVILLA.IT,,45.04335,9.08143,POINT (9.08143 45.04335)
030327,ATS DELLA VAL PADANA,030724,ASST DI CREMONA,CREMONA,692255,L'OASI - SOCIETA' COOPERATIVA SOCIALE ETS,02007000983,02007000983,ALLOGGIO PROTETTO ANZIANI,049108,MINI ALLOGGI PROTETTI,22,CR,26023,GRUMELLO CREMONESE ED UNITI,,"VIA MARTIRI DELLA LIBERTA', 3",0372720083,,MAP@OASI-ONLUS.IT,WWW.OASISRL.UE,45.1936126798,9.866895488,POINT (9.866895488 45.1936126798)
030324,ATS DELLA BRIANZA,030715,ASST DI LECCO,MERATE,120850,REMBRANDT COOPERATIVA SOCIALE,01957760133,01957760133,ALLOGGIO PROTETTO ANZIANI,073168,OASI SAN GIUSEPPE,18,LC,23891,BARZANO',,"VIA CRISTOFORO COLOMBO,2",,,,,45.7192117,9.3089571,POINT (9.3089571 45.7192117)
030326,ATS DI BRESCIA,030722,ASST DELLA FRANCIACORTA,MONTE ORFANO - 6,119793,ASSOCIAZIONE PENSIONATI ED ANZIANI ADRO E TORBIATO,91001030173,91001030173,CENTRO DIURNI ANZIANI,050404,CENTRO DIURNO ANZIANI,100,BS,25030,ADRO,,"VIA CAIROLI,29",030/7356243,,,,45.6227027,9.9642169,POINT (9.9642169 45.6227027)
030328,ATS DI PAVIA,030727,ASST DI PAVIA,ALTO E BASSO PAVESE,117205,COMUNE DI SIZIANO,00478370182,00478370182,CENTRO DIURNI ANZIANI,053063,CENTRO DIURNO PER ANZIANI L'ACERO,34,PV,27010,SIZIANO,,"VIA DELLA STAZIONE,1",0382610212,,ACERO@COMUNEDISIZIANO.191.IT,,45.31867,9.20034,POINT (9.20034 45.31867)
030328,ATS DI PAVIA,030727,ASST DI PAVIA,LOMELLINA,690590,FONDAZIONE PENSIONATO SANNAZZARESE ETS,82000650182,01007990185,ALLOGGIO PROTETTO ANZIANI,048351,ALLOGGI PROTETTI VIA INCISA,7,PV,27039,SANNAZZARO DE' BURGONDI,,"VIA INCISA,7",,,,,45.1012491,8.909686,POINT (8.909686 45.1012491)
030322,ATS DELL'INSUBRIA,030711,ASST DELLA VALLE OLONA,SOMMA LOMBARDO,121982,ASSOCIAZIONE ANZIANI DEL COMUNE DI LONATE POZZOLO,91006880123,91006880123,CENTRO DIURNI ANZIANI,053170,CENTRO DIURNO ANZIANI,80,VA,21015,LONATE POZZOLO,,VIA DANTE ALIGHIERI,0331/661014,,,,45.60148,8.75104999,POINT (8.75104999 45.60148)
030321,ATS DELLA CITTA' METROPOLITANA DI MILANO,030705,ASST OVEST MILANESE,ALTO MILANESE,121091,SERENITAS - SOCIETA' COOPERATIVA SOCIALE - ONLUS,12104540153,12104540153,ALLOGGIO PROTETTO ANZIANI,055806,ALLOGGI PROTETTI PER ANZIANI PROGETTTO DIAMANTE,12,MI,20020,ARCONATE,,"VIA SILVIO PELLICO,19",0331539161,,,,45.53954,8.84537,POINT (8.84537 45.53954)
030321,ATS DELLA CITTA' METROPOLITANA DI MILANO,030705,ASST OVEST MILANESE,ABBIATEGRASSO,690605,FONDAZIONE SAN RICCARDO PAMPURI - ONLUS,90014970157,13117740152,ALLOGGIO PROTETTO ANZIANI,092764,MINI ALLOGGI PROTETTI,8,MI,20081,MORIMONDO,,"VIA GIACOMO MATTEOTTI,11",02945405,,FONDAZIONEONLUS@VIRGILIO.IT,WWW.RSAPAMPURIMORIMONDO.EU,45.3542523,8.9564387,POINT (8.9564387 45.3542523)
030323,ATS DELLA MONTAGNA,030714,ASST DELLA VALCAMONICA,VALLECAMONICA,124052,ASSOCIAZIONE ANZIANI E PENSIONATI,90004170172,03320360989,CENTRO DIURNI ANZIANI,049452,CENTRO DIURNO ANZIANI,25,BS,25040,ANGOLO TERME,,"VIA REGINA ELENA,52",347/5904049,,ASSOCENTRO_2014@LIBERO.IT,,45.8918479,10.1455843,POINT (10.1455843 45.8918479)
030322,ATS DELL'INSUBRIA,030710,ASST DEI SETTE LAGHI,ARCISATE,105007,MARINER UNO S.R.L.,05433160966,05433160966,ALLOGGIO PROTETTO ANZIANI,093680,RESIDENZA CASA MORA,28,VA,21050,PORTO CERESIO,,"VIA CASA MORA,19/21",0332919409,,RESIDENZACASAMORA@LERESIDENZE.IT,WWW.LERESIDENZE.IT,45.9186904,8.898644,POINT (8.898644 45.9186904)
030323,ATS DELLA MONTAGNA,030714,ASST DELLA VALCAMONICA,VALLECAMONICA,690577,FONDAZIONE SANTA MARIA DELLA NEVE ETS,80046980175,01375920178,ALLOGGIO PROTETTO ANZIANI,050806,FONDAZIONE O.N.L.U.S. SANTA MARIA DELLA NEVE,4,BS,25055,PISOGNE,,"VIA GIROLAMO ROMANINO,18",036486011,,RSASANTAMARIADELLANEVE@PEC.IT,HTTP://WWW.RSAPISOGNE.NET/,45.80684,10.11118,POINT (10.11118 45.80684)
030326,ATS DI BRESCIA,030723,ASST DEL GARDA,BASSA BRESCIANA ORIENTALE - 10,119689,COMUNE DI CALCINATO,00524950177,00569440985,CENTRO DIURNI ANZIANI,055285,CENTRO DIURNO ANZIANI DI CALCINATO,60,BS,25011,CALCINATO,,VIA V.EMANUELE II/VIA ROMA 1,030/9969103,,,,45.45334,10.40966,POINT (10.40966 45.45334)
030321,ATS DELLA CITTA' METROPOLITANA DI MILANO,030708,ASST MELEGNANO E DELLA MARTESANA,MELZO,692030,COMUNE DI MELZO,00795710151,00795710151,CENTRO DIURNI ANZIANI,048758,CENTRO DIURNO DIURNO PROTETTO PERSONE FRAGILI,40,MI,20066,MELZO,,"PIAZZA ENRICO BERLINGUER,1",0295739053,,SPAZIOCITTA@COMUNE.MELZO.MI.IT,,45.49992,9.42708,POINT (9.42708 45.49992)
030324,ATS DELLA BRIANZA,030715,ASST DI LECCO,BELLANO,104934,GIARDINO 2 SRL,07062580969,07062580969,ALLOGGIO PROTETTO ANZIANI,047561,VILLA SANTA MARIA,24,LC,23822,BELLANO,,"VIA COLICO,18",0341 810361,,RESIDENZAVILLASANTAMARIA@LERESIDENZE.IT,WWW.LERESIDENZE.IT,46.05096723,9.310433,POINT (9.310433 46.05096723)
030328,ATS DI PAVIA,030727,ASST DI PAVIA,BRONI E CASTEGGIO,176574,ABBRACCIO COOPERATIVA SOCIALE ONLUS,02408600183,02408600183,ALLOGGIO PROTETTO ANZIANI,094267,RESIDENZA ANZIANI MONTESCANO ALLOGGI PROTETTI,14,PV,27040,MONTESCANO,,"VIA MONTESCANO,61",3455938226/038509081,,INFO@RESIDENZASANTALBERTO.IT,,45.03236,9.28259,POINT (9.28259 45.03236)
030322,ATS DELL'INSUBRIA,030710,ASST DEI SETTE LAGHI,CITTIGLIO,690440,CENTRO RESIDENZIALE PER ANZIANI MENOTTI BASSANI,01319900120,01319900120,ALLOGGIO PROTETTO ANZIANI,052097,VILLA ELISA,12,VA,21014,LAVENO-MOMBELLO,,"VIALE BRIANZA,3",0332668339-668711,,INFO@MENOTTIBASSANI.IT,,45.9045123,8.6176656,POINT (8.6176656 45.9045123)
030328,ATS DI PAVIA,030727,ASST DI PAVIA,VOGHERA E COMUNITA' MONTANA OLTREPO' PAVESE,691105,FONDAZIONE VARNI AGNETTI E.T.S.,01664350186,01664350186,ALLOGGIO PROTETTO ANZIANI,061789,GIOVANNI AZZARETTI,26,PV,27052,GODIASCO SALICE TERME,,"VIA PALMIRO TOGLIATTI,43",0383/940650,,INFO@VARNIAGNETTI.IT,,44.8952955,9.0596045,POINT (9.0596045 44.8952955)
030324,ATS DELLA BRIANZA,030717,ASST DELLA BRIANZA,SEREGNO,121507,COMUNE DI SEVESO,01650780156,00720300961,CENTRO DIURNI ANZIANI,049563,CENTRO DIURNO ANZIANI LA TORRE,80,MB,20822,SEVESO,,"VIALE REDIPUGLIA,54",0362 502138,,SERVIZISOCIALI@COMUNE.SEVESO.MB.IT,,45.64199,9.1529,POINT (9.1529 45.64199)
030322,ATS DELL'INSUBRIA,030712,ASST LARIANA,OLGIATE COMASCO,149792,ASSOCIAZIONE SERENDIPITY,94639140154,94639140154,CENTRO DIURNI ANZIANI,054702,CENTRO DIURNO IL SOLLIEVO,25,CO,22075,LURATE CACCIVIO,,"VIA LUIGI CAGNOLA,1",3283211340,,FEDERICARISPETTOSO@ICLOUD.COM,,45.7620365,8.9976689,POINT (8.9976689 45.7620365)
030328,ATS DI PAVIA,030727,ASST DI PAVIA,ALTO E BASSO PAVESE,732588,ALE.MAR. COOPERATIVA SOCIALE ONLUS,01956990186,01956990186,CENTRO DIURNI ANZIANI,100230,CENTRO DIURNO ANZIANO,10,PV,27019,VILLANTERIO,,VIA ALCIDE DE GASPERI 17,03821571108,,INFO@RESIDENZACARLOTTAPOLLINI.IT,,45.21648,9.36182,POINT (9.36182 45.21648)
030324,ATS DELLA BRIANZA,030715,ASST DI LECCO,LECCO,691775,L'ARCOBALENO SOCIETA' COOPERATIVA SOCIALE - ONLUS,01461770131,01461770131,ALLOGGIO PROTETTO ANZIANI,052490,LASER,7,LC,23900,LECCO,,"VIA FILANDA,12",0341 491813,,INFO@LARCOBALENO.COOP,WWW.LARCOBALENO.COOP,45.85216,9.41613,POINT (9.41613 45.85216)
030325,ATS DI BERGAMO,030718,ASST PAPA GIOVANNI XXIII,VALLE BREMBANA,691428,PARROCCHIA SAN LORENZO MARTIRE IN ZOGNO,85000070160,00778670166,ALLOGGIO PROTETTO ANZIANI,063368,RSA CASA SANTA MARIA,1,BG,24012,VAL BREMBILLA,,"VIA CA' NOA,8",0345/53436,,INFO@RSAZOGNO.IT,,45.808358,9.597315,POINT (9.597315 45.808358)
030327,ATS DELLA VAL PADANA,030725,ASST DI MANTOVA,MANTOVA,690629,ASPEF AZIENDA SERVIZI ALLA PERSONA E ALLA FAMIGLIA,01837820206,01837820206,ALLOGGIO PROTETTO ANZIANI,052227,ALLOGGIO PROTETTO PER ANZIANI ASPEF,3,MN,46100,MANTOVA,,"PIAZZALE MICHELANGELO,1",0376-357811,,ASPEF@ASPEFMANTOVA.IT,WWW.ASPEFMANTOVA.IT,45.15329,10.7757,POINT (10.7757 45.15329)
030326,ATS DI BRESCIA,030723,ASST DEL GARDA,BASSA BRESCIANA CENTRALE - 9,691160,FONDAZIONE GIROLDI FORCELLA-UGONI,02466660988,02466660988,CENTRO DIURNI ANZIANI,048389,CENTRO DIURNO ANZIANI FONDAZIONE GIROLDI FORCELLA UGONI ONLUS,5,BS,25026,PONTEVICO,,"VIA CAVALIERI DI VITTORIO VENETO,9/A",0309930449,,SEGRETERIA@FORCELLAUGONI.IT,,45.27469,10.08932,POINT (10.08932 45.27469)
030326,ATS DI BRESCIA,030723,ASST DEL GARDA,BASSA BRESCIANA ORIENTALE - 10,119792,COMUNE DI MONTICHIARI,00645400177,00574280988,CENTRO DIURNI ANZIANI,054063,CENTRO DIURNO ANZIANI LAURA NOLLI,70,BS,25018,MONTICHIARI,,"VIA GIUSEPPE GUERZONI,18",030/9989231,,CENTRODIURNO.CASABIANCA@MONTICHIARI.IT,,45.41134,10.3889,POINT (10.3889 45.41134)
030324,ATS DELLA BRIANZA,030717,ASST DELLA BRIANZA,CARATE BRIANZA,135411,SOCIETA' COOPERATIVA SOCIALE RESIDENZE LEGGERE ONLUS,09397480964,09397480964,ALLOGGIO PROTETTO ANZIANI,049702,RESIDENCE TRE PINI,25,MB,20841,CARATE BRIANZA,,"VIA TAGLIAMENTO,1/3",0362 991752,,INFO@RESIDENCETREPINI.IT,,45.6681337,9.2455203,POINT (9.2455203 45.6681337)
030322,ATS DELL'INSUBRIA,030711,ASST DELLA VALLE OLONA,SARONNO,121960,ASSOCIAZIONE ANZIANI ORIGGESI ONLUS,94001240129,94001240129,CENTRO DIURNI ANZIANI,048235,ASSOCIAZIONE ANZIANI ORIGGESI,50,VA,21040,ORIGGIO,,"VIA ALESSANDRO MANZONI,17",02 96731210,,ASAORIGGIO@VIRGILIO.IT,,45.59675,9.01731,POINT (9.01731 45.59675)
030328,ATS DI PAVIA,030727,ASST DI PAVIA,ALTO E BASSO PAVESE,690786,CASA DI RIPOSO DELFINONI,80008480180,01498340189,CENTRO DIURNI ANZIANI,057036,GOTTARDO DELFINONI,2,PV,27022,CASORATE PRIMO,,"VIA PALAZZO,20",02/9056601,,DELFINONI@GOTTARDODELFINONI.IT,WWW.DELFINONI.IT,45.30587,9.01555,POINT (9.01555 45.30587)
030328,ATS DI PAVIA,030727,ASST DI PAVIA,BRONI E CASTEGGIO,690822,PROVINCIA RELIGIOSA SAN MARZIANO DI DON ORIONE,02541960155,02541960155,ALLOGGIO PROTETTO ANZIANI,083508,RESIDENZA DE IL FOCOLARE,18,PV,27050,CORVINO SAN QUIRICO,,"VIA CANONICO ARTURO PERDUCA,3",0383896260,,AMMINISTRAZIONE@DONORIONEFUMO.IT,,45.0261046,9.155505,POINT (9.155505 45.0261046)
030322,ATS DELL'INSUBRIA,030712,ASST LARIANA,OLGIATE COMASCO,120151,VILLA GUARDIA,00602060139,00602060139,CENTRO DIURNI ANZIANI,055095,CENTRO DIURNO ANZIANI COMUNALE,200,CO,22079,VILLA GUARDIA,,"VIA VITTORIO VENETO,51",031480649,,SEGRETERIA1@COMUNE.VILLAGUARDIA.CO.IT,,45.7782218,9.0230107,POINT (9.0230107 45.7782218)
030325,ATS DI BERGAMO,030720,ASST DI BERGAMO EST,SERIATE,690506,UNIVERSIIS SOCIETA' COOPERATIVA SOCIALE,01818390302,01818390302,ALLOGGIO PROTETTO ANZIANI,051003,IL GERMOGLIO,8,BG,24068,SERIATE,,"VIA SAN GIOVANNI BOSCO, 5",3460241032,,SERIATE@UNIVERSIIS.COM,WWW.UNIVERSIIS.COM,45.684261292917,9.720222998225,POINT (9.720222998225 45.684261292917)
030327,ATS DELLA VAL PADANA,030725,ASST DI MANTOVA,SUZZARA,692093,COOPERATIVA SOCIALE SOCIETA' DOLCE SOCIETA' COOPERATIVA,03772490375,03772490375,ALLOGGIO PROTETTO ANZIANI,057127,RSA BOVI ALLOGGI PROTETTI ANZIANI,4,MN,46020,PEGOGNAGA,,"VIA DONATORI DEL SANGUE,18",03765546301,,PEGOGNAGA.MN@LEGAL.MAIL.IT,,44.99302,10.85746,POINT (10.85746 44.99302)
030324,ATS DELLA BRIANZA,030715,ASST DI LECCO,MERATE,120528,L'ACCOGLIENZA SOCIETA' COOPERATIVA SOCIALE ONLUS,03416880130,03416880130,CENTRO DIURNI ANZIANI,052770,HOTEL ADDA,15,LC,23877,PADERNO D'ADDA,,"VIA TOMMASO EDISON,27",039 514015,,INFO@LACCOGLIENZA.ORG,WWW.HOTELADDA.ORG,45.6830492,9.4464847,POINT (9.4464847 45.6830492)
030328,ATS DI PAVIA,030727,ASST DI PAVIA,PAVIA,170592,OVER TICINUM SRL,11632820962,11632820962,ALLOGGIO PROTETTO ANZIANI,055553,GIRASOLE,2,PV,27100,PAVIA,,"VIALE LODI,43",0382/468915,,INFO@OVERTICINUM.IT,,45.189,9.18695,POINT (9.18695 45.189)
030324,ATS DELLA BRIANZA,030715,ASST DI LECCO,BELLANO,125172,FONDAZIONE ANGIOLA MARIA PARUZZI,91016810144,91016810144,ALLOGGIO PROTETTO ANZIANI,053457,IL VIGNETO,14,LC,23824,DERVIO,,"VIA I MAGGIO,3",,,INFO@FONDAZIONE-ANGIOLA-MARIA-PARUZZI.ORG,,46.07756,9.30507,POINT (9.30507 46.07756)
030328,ATS DI PAVIA,030727,ASST DI PAVIA,ALTO E BASSO PAVESE,117205,COMUNE DI SIZIANO,00478370182,00478370182,ALLOGGIO PROTETTO ANZIANI,049657,L'ACERO,11,PV,27010,SIZIANO,,"VIA DELLA STAZIONE,3",0382/6780220,,PATRIZIA.CORNALBA@COMUNE.SIZIANO.PV.IT,WWW.COMUNE.SIZIANO.PV.IT,45.3186177,9.2000495,POINT (9.2000495 45.3186177)
030328,ATS DI PAVIA,030727,ASST DI PAVIA,ALTO E BASSO PAVESE,690492,PII ISTITUTI UNIFICATI,00478980188,00478980188,ALLOGGIO PROTETTO ANZIANI,054338,MINI ALLOGGI PROTETTI PII ISTITUTI UNIFICATI,16,PV,27011,BELGIOIOSO,,"VIA ALDO MORO,70",0382/960445,,DIREZIONE@PEC.PIUBELGIOIOSO.IT,HTTPS://WWW.PIUBELGIOIOSO.IT,45.1547473,9.315626,POINT (9.315626 45.1547473)
030322,ATS DELL'INSUBRIA,030710,ASST DEI SETTE LAGHI,CITTIGLIO,690461,FONDAZIONE CASA DI SOGGIORNO E RIPOSO LONGHI FRANCESCO E FAMIGLIA PIANEZZA FEDERICO ONLUS,02432600126,02432600126,ALLOGGIO PROTETTO ANZIANI,048220,ALLOGGI PROTETTI ANZIANI,10,VA,21030,CASALZUIGNO,,"VIA LIBERTA',19/21",0332650061,,INFO@FONDAZIONELONGHIPIANEZZA.IT,WWW.FONDAZIONELONGHIPIANEZZA.IT,45.9066477,8.7114039,POINT (8.7114039 45.9066477)
030325,ATS DI BERGAMO,030719,ASST DI BERGAMO OVEST,ISOLA BERGAMASCA E BASSA VAL SAN MARTINO,112244,FONDAZIONE CASA SERENA ONLUS,04008150163,04008150163,ALLOGGIO PROTETTO ANZIANI,054596,ALLOGGI PROTETTI PER ANZIANI FRAGILI,7,BG,24030,BREMBATE DI SOPRA,,"VIA PAPA GIOVANNI XXIII,4",035620120,,AMMINISTRAZIONE@FONDAZIONECASASERENA.IT,,45.7199006,9.5841708,POINT (9.5841708 45.7199006)
030327,ATS DELLA VAL PADANA,030725,ASST DI MANTOVA,OSTIGLIA,690563,FONDAZIONE GIOVANNI BELFANTI ONLUS,80006970208,01770500203,ALLOGGIO PROTETTO ANZIANI,085308,ALLOGGIO PROTETTO PER ANZIANI,4,MN,46035,OSTIGLIA,,"VIA G.M.BONAZZI,26",0386802312,,SEGRETERIA@FONDAZIONEBELFANTI.IT,,45.0658141,11.1377018,POINT (11.1377018 45.0658141)
030324,ATS DELLA BRIANZA,030715,ASST DI LECCO,LECCO,690672,KCS CAREGIVER COOPERATIVA SOCIALE,02125100160,02125100160,ALLOGGIO PROTETTO ANZIANI,053161,LA CORTE,11,LC,23851,GALBIATE,,"PIAZZALE ACHILLE GRANDI,1",0341 242011,,SEGRETERIA@RSAVILLASERENA.COM,,45.792,9.36878,POINT (9.36878 45.792)
030325,ATS DI BERGAMO,030719,ASST DI BERGAMO OVEST,TREVIGLIO,690500,FONDAZIONE ANNI SERENI TREVIGLIO CARAVAGGIO E FARA GERA D'ADDA ONLUS,84000910160,02110110166,ALLOGGIO PROTETTO ANZIANI,052125,MINI ALLOGGI BONDIOLI,10,BG,24047,TREVIGLIO,,"PIAZZALE OSPEDALE LUIGI MENEGUZZO,5",036341612,,SEGRETERIA@ANNISERENI.NET,,45.51121,9.60959,POINT (9.60959 45.51121)
030322,ATS DELL'INSUBRIA,030710,ASST DEI SETTE LAGHI,CITTIGLIO,121997,ASSOCIAZIONE CENTRO SOCIALE RICREATIVO ANZIANI,92004700123,92004700123,CENTRO DIURNI ANZIANI,053171,CENTRO SOCIALE RICREATIVO ANZIANI,100,VA,21036,GEMONIO,,"VIA E.CURTI,8/A",0332601922,,INFO@COMUNE.GEMONIO.VA.IT,,45.8828105,8.6748227,POINT (8.6748227 45.8828105)
030323,ATS DELLA MONTAGNA,030713,ASST DELLA VALTELLINA E DELL'ALTO LARIO,SONDRIO,691262,CASA DI RIPOSO COSTANTE PATRIZI ONLUS,80002590141,00580700144,CENTRO DIURNI ANZIANI,049800,CENTRO DIURNO ANZIANI PONTE IN VALTELLINA,10,SO,23026,PONTE IN VALTELLINA,,"VIA DIEGO GUICCIARDI,3",0342482240,,INFO@CASADIRIPOSOPATRIZI.IT,WWW.CASADIRIPOSOPATRIZI.IT,46.1745493,9.9775983,POINT (9.9775983 46.1745493)
030326,ATS DI BRESCIA,030723,ASST DEL GARDA,BASSA BRESCIANA CENTRALE - 9,690616,FONDAZIONE ETS LONGINI MORELLI SIRONI DI PRALBOINO,88003570178,00621130988,CENTRO DIURNI ANZIANI,053318,CDA FONDAZIONE LONGINI MORELLI ONLUS,5,BS,25020,PRALBOINO,,"VIA MORELLI,10",030954234,,ONLUS@CASADIRIPOSOPRALBOINO.IT,,45.26634,10.21852,POINT (10.21852 45.26634)
030322,ATS DELL'INSUBRIA,030712,ASST LARIANA,MARIANO COMENSE,120130,ASSOCIAZIONE ANZIANI DI MARIANO COMENSE,90017200131,90017200131,CENTRO DIURNI ANZIANI,056257,ASSOCIAZIONE ANZIANI MARIANO COMENSE,50,CO,22066,MARIANO COMENSE,,"VIA SANTO STEFANO,40",377/2619567-03124932,,ELISABETTA.SCESI@GMAIL.COM,,45.6965442,9.1766573,POINT (9.1766573 45.6965442)
030321,ATS DELLA CITTA' METROPOLITANA DI MILANO,030709,ASST DI LODI,LODI,117946,ASP BASSO LODIGIANO,90519590153,90519590153,ALLOGGIO PROTETTO ANZIANI,091364,A.P.A. DUE TORRI,13,LO,26843,CASTELNUOVO BOCCA D'ADDA,,"VIA CAMILLO BENSO CAVOUR,6",03777721,,INFO@ASPBASSOLODIGIANO.IT,WWW.ASPBASSOLODIGIANO.IT,45.1125648,9.8678301,POINT (9.8678301 45.1125648)
030323,ATS DELLA MONTAGNA,030714,ASST DELLA VALCAMONICA,VALLECAMONICA,124047,COMUNE DI ESINE,81002230175,00723560983,CENTRO DIURNI ANZIANI,056745,CENTRO DIURNO ANZIANI,70,BS,25040,ESINE,,"VIA CIVITANOVA MARCHE,1/A",0364/360166,,INFO@COMUNE.ESINE.BS.IT,HTTP://WWW.COMUNE.ESINE.BS.IT/,45.9239739,10.2552709,POINT (10.2552709 45.9239739)
030328,ATS DI PAVIA,030727,ASST DI PAVIA,LOMELLINA,732588,ALE.MAR. COOPERATIVA SOCIALE ONLUS,01956990186,01956990186,ALLOGGIO PROTETTO ANZIANI,094671,A.P.A. CORINI MAGNAGHI,12,PV,27034,LOMELLO,,"VIA CORINI,2",388/7316134,,INFO@RESIDENZACORINIMAGNAGHI.IT,,45.1215806,8.7925981,POINT (8.7925981 45.1215806)
030324,ATS DELLA BRIANZA,030715,ASST DI LECCO,LECCO,121155,SOCIETA' COOPERATIVA SOCIALE LARCOBALENO ONLUS,07123650967,07123650967,ALLOGGIO PROTETTO ANZIANI,051986,POLO FRASSONI,24,LC,23900,LECCO,,"VIA GORIZIA, 2",335 7663753,,,,45.86457,9.39458,POINT (9.39458 45.86457)
030328,ATS DI PAVIA,030727,ASST DI PAVIA,ALTO E BASSO PAVESE,732588,ALE.MAR. COOPERATIVA SOCIALE ONLUS,01956990186,01956990186,ALLOGGIO PROTETTO ANZIANI,075548,FONDAZIONE CARLOTTA POLLINI ONLUS,24,PV,27019,VILLANTERIO,,"PIAZZA MERCATO CASTELLO,11",0382967122,,FONDAZIONEPOLLINI@GMAIL.COM,,45.21656,9.36177,POINT (9.36177 45.21656)
030322,ATS DELL'INSUBRIA,030710,ASST DEI SETTE LAGHI,LUINO,121962,ASSOCIAZIONE VOLONTARIATO ANZIANI FORTUNATO VIOLA,93012150129,93012150129,CENTRO DIURNI ANZIANI,051918,ASSOCIAZIONE VOLONTARIATO ANZIANI FORTUNATO VIOLA,20,VA,21037,LAVENA PONTE TRESA,,"VIA VARESE,2",0332/523502,,,,45.9667661,8.8533381,POINT (8.8533381 45.9667661)
030328,ATS DI PAVIA,030727,ASST DI PAVIA,PAVIA,690361,ISTITUZIONI ASSISTENZIALI RIUNITE DI PAVIA - AZIENDA DI SERVIZI ALLA PERSONA,02030350181,02030350181,ALLOGGIO PROTETTO ANZIANI,061808,APPARTAMENTI PROTETTI ASP ISTITUZIONI ASSISTENZIALI RIUNITE DI PAVIA,10,PV,27100,PAVIA,,"VIALE GIACOMO MATTEOTTI,63",03823811,,INFO@ASPPAVIA.IT,WWW.ASPPAVIA.IT,45.19033,9.15258,POINT (9.15258 45.19033)
030321,ATS DELLA CITTA' METROPOLITANA DI MILANO,030708,ASST MELEGNANO E DELLA MARTESANA,PAULLO,690770,COOPERATIVA SOCIALE RIEDUCAZIONE MOTORIA ONLUS,08029590158,08029590158,ALLOGGIO PROTETTO ANZIANI,050723,MINIALLOGGI PAULLO,32,MI,20067,PAULLO,,"VIA VIGNA DEL RONCO,11",0290639806,,RSA.CDIPAULLO@CRMSOCIALE.IT,,45.42158,9.39964,POINT (9.39964 45.42158)
030327,ATS DELLA VAL PADANA,030724,ASST DI CREMONA,CREMONA,690519,FONDAZIONE ESILDA E FRANCESCO SOLDI ETS,80002390195,00748800190,ALLOGGIO PROTETTO ANZIANI,054485,MINI ALLOGGI PROTETTI PER ANZIANI,2,CR,26039,VESCOVATO,,"VIA GIUSEPPE GARIBALDI,93",0372818068,,DIREZIONEGENERALE@FONDAZIONESOLDI.IT,,45.1757367,10.1687282,POINT (10.1687282 45.1757367)
030322,ATS DELL'INSUBRIA,030711,ASST DELLA VALLE OLONA,GALLARATE,202108,ARES SOCIETA' COOPERATIVA SOCIALE,02437650068,02437650068,ALLOGGIO PROTETTO ANZIANI,100083,A.P.A. N.2 VILLA CRISTINA,2,VA,21013,GALLARATE,,"VIA ADELAIDE RISTORI, 25",3664569586,,ARESOCIALE@VIRGILIO.IT,,45.667302317762,8.812621686986,POINT (8.812621686986 45.667302317762)
030326,ATS DI BRESCIA,030722,ASST DELLA FRANCIACORTA,BASSA BRESCIANA OCCIDENTALE - 8,166093,OVER VILLAS SRL,11062470965,11062470965,ALLOGGIO PROTETTO ANZIANI,076008,ALLOGGI PROTETTI PER ANZIANI VILLA LINA,14,BS,25027,QUINZANO D'OGLIO,,"VIA BERNARDO DA QUINZANO,1",0266669141,,INFO@VIVEREOVER.IT,,45.3092447,10.0071008,POINT (10.0071008 45.3092447)
030327,ATS DELLA VAL PADANA,030725,ASST DI MANTOVA,OSTIGLIA,120710,CIRCOLO SOCIALE RICREATIVO POGGESE,93008370202,93008370202,CENTRO DIURNI ANZIANI,055003,CENTRO DIURNO ANZIANI CIRCOLO SOCIALE RICREATIVO POGGESE,20,MN,46025,POGGIO RUSCO,,"VIA GIUSEPPE MAZZINI,21",0386/733964,,,,44.97566,11.11995,POINT (11.11995 44.97566)
030327,ATS DELLA VAL PADANA,030724,ASST DI CREMONA,CREMONA,130454,CASA DI PROCURA DELLA CONGREGAZIONE DELLE SUORE CARMELITANE DEL DIVIN CUORE DI GESU',13819011001,13819011001,ALLOGGIO PROTETTO ANZIANI,055112,CASA SAN GIUSEPPE E SAN LORENZO,75,CR,26100,CREMONA,,"VIA ALTOBELLO MELONE,33",0372/28784,,CARMELITANE@VIRGILIO.IT,,45.12994,10.02542,POINT (10.02542 45.12994)
030322,ATS DELL'INSUBRIA,030712,ASST LARIANA,LOMAZZO - FINO MORNASCO,200674,IUVENTAS SRL,03948200138,03948200138,CENTRO DIURNI ANZIANI,098258,IUVENTAS SRL,40,CO,22070,VERTEMATE CON MINOPRIO,,VIA CANTURINO 4,0315008600,,IUVENTASSRL@GMAIL.COM,IUVENTASSRL@GMAIL.COM,45.7270419,9.07903113,POINT (9.07903113 45.7270419)
030325,ATS DI BERGAMO,030720,ASST DI BERGAMO EST,ALBINO VALLE SERIANA,690723,FONDAZIONE HONEGGER R.S.A.,80025590169,01724950165,ALLOGGIO PROTETTO ANZIANI,052161,"ALLOGGI PROTETTI PER ANZIANI ""CASA SORELLE PICCOLI""",6,BG,24021,ALBINO,,"VIA BENIGNO CRESPI,6",035759450,,INFO@FONDAZIONEHONEGGER.IT,WWW.FONDAZIONEHONEGGER.IT,45.7583753,9.7893894,POINT (9.7893894 45.7583753)
030323,ATS DELLA MONTAGNA,030714,ASST DELLA VALCAMONICA,VALLECAMONICA,132369,COMUNE DI PIAN CAMUNO,00641410170,00574180980,CENTRO DIURNI ANZIANI,050842,CENTRO DIURNO PER ANZIANI E PENSIONATI,50,BS,25050,PIAN CAMUNO,,"VIA TORRE,13",0364/590297,,INFO@COMUNE.PIANCAMUNO.BS.IT,HTTP://WWW.COMUNE.PIANCAMUNO.BS.IT/,45.8440741,10.1565737,POINT (10.1565737 45.8440741)
030326,ATS DI BRESCIA,030722,ASST DELLA FRANCIACORTA,MONTE ORFANO - 6,119795,COMUNE DI ORZINUOVI,00850450172,00582230983,CENTRO DIURNI ANZIANI,055286,CENTRO DIURNO ANZIANI SAN PANCRAZIO,85,BS,25036,PALAZZOLO SULL'OGLIO,,"PIAZZA INDIPENDENZA,3",030/738525,,,,45.61074,9.91949,POINT (9.91949 45.61074)
030328,ATS DI PAVIA,030727,ASST DI PAVIA,BRONI E CASTEGGIO,194773,LE RESIDENZE SRLS,02935910188,02935910188,ALLOGGIO PROTETTO ANZIANI,095845,LE RESIDENZE,12,PV,27040,VERRUA PO,,"VIA SUPPELLONE,84",0385/740560,,VILLAREGINAINFO@LIBERO.IT,,45.0942739,9.1635968,POINT (9.1635968 45.0942739)
030327,ATS DELLA VAL PADANA,030725,ASST DI MANTOVA,GUIDIZZOLO,690467,FONDAZIONE FRANCO NICOLAI ETS,81003970209,01564480208,ALLOGGIO PROTETTO ANZIANI,049952,FONDAZIONE FRANCO NICOLAI ONLUS,15,MN,46049,VOLTA MANTOVANA,,"VIA POLLUCE BOSELLI,2",0376/83071,,INFO@FONDAZIONENICOLAI.IT,,45.3244643,10.6588489,POINT (10.6588489 45.3244643)
030328,ATS DI PAVIA,030727,ASST DI PAVIA,VOGHERA E COMUNITA' MONTANA OLTREPO' PAVESE,195013,ESSETI MULTISERVICE SRLS,02924650183,02924650183,ALLOGGIO PROTETTO ANZIANI,084548,IL QUADRIFOGLIO,8,PV,27050,RETORBIDO,,"VIA TORRICELLE,24",3349788043,,,,44.94583,9.04367,POINT (9.04367 44.94583)
030326,ATS DI BRESCIA,030722,ASST DELLA FRANCIACORTA,OGLIO OVEST - 7,690548,FONDAZIONE LUCINI CANTU' ETS,82001610177,00724560982,ALLOGGIO PROTETTO ANZIANI,051580,ALLOGGIO PROTETTO PER ANZIANI,12,BS,25038,ROVATO,,"VIA SAN MARTINO DELLA BATTAGLIA,21",030 7722095,,FONDAZIONELUCINICANTUONLUS@GMAIL.COM,,45.56262,10.00118,POINT (10.00118 45.56262)
030321,ATS DELLA CITTA' METROPOLITANA DI MILANO,030703,ASST FATEBENEFRATELLI SACCO,MILANO CITTA',691715,PRO.GES. - SOCIETA' COOPERATIVA SOCIALE,01534890346,01534890346,ALLOGGIO PROTETTO ANZIANI,077948,ALLOGGI PROTETTI PER ANZIANI SO.F.I.A.,22,MI,20128,MILANO,,"VIA PUBLIO ELIO ADRIANO,109",02 25941011,,PROGES@PROGES.IT  PRO.GES@LEGALMAIL.IT,WWW.PROGES.IT,45.5178962,9.2439767,POINT (9.2439767 45.5178962)
030324,ATS DELLA BRIANZA,030717,ASST DELLA BRIANZA,SEREGNO,690451,FONDAZIONE DON CARLO GNOCCHI ETS,04793650583,12520870150,ALLOGGIO PROTETTO ANZIANI,052196,APA FONDAZIONE DON GNOCCHI,25,MB,20831,SEREGNO,,"VIA CARDINALE MINORETTI,18",0362 323151,,INFO.SEREGNO@DONGNOCCHI.IT,,45.65463,9.1946,POINT (9.1946 45.65463)
030327,ATS DELLA VAL PADANA,030725,ASST DI MANTOVA,MANTOVA,141608,CENTRO SOCIALE CASTELDARIESE,93010200207,93010200207,CENTRO DIURNI ANZIANI,054603,CENTRO DIURNO PER ANZIANI,99,MN,46033,CASTEL D'ARIO,,"PIAZZA GIUSEPPE GARIBALDI,100",0376-660612,,,,45.18905,10.97502,POINT (10.97502 45.18905)
030327,ATS DELLA VAL PADANA,030725,ASST DI MANTOVA,ASOLA,691328,FONDAZIONE ETS CASA LEANDRA,81001370204,01608240204,ALLOGGIO PROTETTO ANZIANI,048862,ALLOGGI PROTETTI PER ANZIANI,3,MN,46013,CANNETO SULL'OGLIO,,"PIAZZA ANTONIO GRAMSCI,61",0376/723823,,INFO@FONDAZIONELEANDRA.IT,,45.14889,10.38025,POINT (10.38025 45.14889)
030321,ATS DELLA CITTA' METROPOLITANA DI MILANO,030707,ASST NORD MILANO,CINISELLO BALSAMO,690715,FONDAZIONE MANTOVANI ONLUS,11779830154,11779830154,ALLOGGIO PROTETTO ANZIANI,057066,CASA FAMIGLIA DI CORMANO,24,MI,20032,CORMANO,,"STRADA STATALE 35 DEI GIOVI,118",0261540848,,CORMANO@FONDAZIONEMANTOVANI.IT,,45.5372,9.15972,POINT (9.15972 45.5372)
030322,ATS DELL'INSUBRIA,030712,ASST LARIANA,CAMPIONE D'ITALIA,120148,COMUNE DI CAMPIONE D'ITALIA,80009700131,80009700131,ALLOGGIO PROTETTO ANZIANI,055094,CASA PER ANZIANI AUTOSUFFICIENTI DI VIA TOTONE,6,CO,22061,CAMPIONE D'ITALIA,,"VIA TOTONE,12",013272463,,PROTOCOLLO@COMUNECAMPIONE.CH,,45.97098,8.97319,POINT (8.97319 45.97098)
030327,ATS DELLA VAL PADANA,030725,ASST DI MANTOVA,GUIDIZZOLO,690452,C.S.A. COOPERATIVA SERVIZI ASSISTENZIALI - SOCIETA' COOPERATIVA SOCIALE,01697440202,01697440202,ALLOGGIO PROTETTO ANZIANI,057150,DIECI MINI ALLOGGI PROTETTI PER ANZIANI AUTOSUFFICIENTI,20,MN,46044,GOITO,,"VIA CESARE BATTISTI,17",,,,,45.25649,10.66803,POINT (10.66803 45.25649)
030327,ATS DELLA VAL PADANA,030724,ASST DI CREMONA,CREMONA,690436,FONDAZIONE CASA DI RIPOSO SAN GIUSEPPE ETS,80002410191,00825790199,ALLOGGIO PROTETTO ANZIANI,055248,MINI ALLOGGI PROTETTI,10,CR,26031,ISOLA DOVARESE,,"LARGO VITTORIA,20",0375/946023,,ASP@CASADIRIPOSOSANGIUSEPPE.IT,,45.1748266,10.3132968,POINT (10.3132968 45.1748266)
030322,ATS DELL'INSUBRIA,030711,ASST DELLA VALLE OLONA,SOMMA LOMBARDO,125849,CENTRO DIURNO ANZIANI EMILIO E MARIA ROSSI,91021970123,91021970123,CENTRO DIURNI ANZIANI,049285,CENTRO DIURNO ANZIANI EMILIO E MARIA ROSSI,50,VA,21010,ARSAGO SEPRIO,,"VIA MAGENTA,1",0331767040,,CDA.ARSAGO@GMAIL.COM,,45.6880104,8.7305577,POINT (8.7305577 45.6880104)
030323,ATS DELLA MONTAGNA,030713,ASST DELLA VALTELLINA E DELL'ALTO LARIO,TIRANO,690559,FONDAZIONE CASA DI RIPOSO S. ORSOLA ETS,83000750147,00569650146,ALLOGGIO PROTETTO ANZIANI,049456,FONDAZIONE CASA DI RIPOSO S. ORSOLA ONLUS,16,SO,23036,TEGLIO,,"VIALE ITALIA,21",0342782243,,S.ORSOLA@LIBERO.IT,,46.1728871,10.0627016,POINT (10.0627016 46.1728871)
030321,ATS DELLA CITTA' METROPOLITANA DI MILANO,030709,ASST DI LODI,LODI,117946,ASP BASSO LODIGIANO,90519590153,90519590153,ALLOGGIO PROTETTO ANZIANI,093710,A.P.A BONOMI,10,LO,26838,TAVAZZANO CON VILLAVESCO,,"VIA IV NOVEMBRE,SNC",0377/7721,,INFO@ASPBASSOLODIGIANO.IT,PEC@PEC.ASPBASSOLODIGIANO.IT,45.32915984,9.40560286,POINT (9.40560286 45.32915984)
030327,ATS DELLA VAL PADANA,030725,ASST DI MANTOVA,GUIDIZZOLO,690452,C.S.A. COOPERATIVA SERVIZI ASSISTENZIALI - SOCIETA' COOPERATIVA SOCIALE,01697440202,01697440202,ALLOGGIO PROTETTO ANZIANI,052110,APA VILLA MADDALENA,6,MN,46044,GOITO,,"VIA CESARE BATTISTI,17",,,,,45.25649,10.66803,POINT (10.66803 45.25649)
030327,ATS DELLA VAL PADANA,030725,ASST DI MANTOVA,GUIDIZZOLO,120709,CENTRO ANZIANI AUSER GOITESE,90002550201,90002550201,CENTRO DIURNI ANZIANI,047634,CENTRO RICREATIVO ARCOBALENO,60,MN,46044,GOITO,,"VIA CIRCONVALLAZIONE EST,23",0376/688354,,,,45.25504,10.67573,POINT (10.67573 45.25504)
030327,ATS DELLA VAL PADANA,030724,ASST DI CREMONA,CREMONA,690854,FONDAZIONE GUIDA DR. VENCESLAO ETS,00922530191,00922530191,ALLOGGIO PROTETTO ANZIANI,056481,MINI ALLOGGI PROTETTI,18,CR,26020,ACQUANEGRA CREMONESE,,"VIA SESTO,10",0372/70106,,AMMINISTRAZIONE@FONDAZIONEGUIDA.IT,,45.1841,9.88781,POINT (9.88781 45.1841)
030327,ATS DELLA VAL PADANA,030725,ASST DI MANTOVA,OGLIO PO,690552,FONDAZIONE MAZZUCCHINI CASA DI RIPOSO POMPONESCO ETS,01542450208,01542450208,ALLOGGIO PROTETTO ANZIANI,052551,ALLOGGI PROTETTI PER ANZIANI,5,MN,46030,POMPONESCO,,"VIA GIUSEPPE GARIBALDI,34",0375/86024,,CDR.POMPONESCO@TISCALI.IT,,44.9283647,10.5958723,POINT (10.5958723 44.9283647)
030326,ATS DI BRESCIA,030721,ASST DEGLI SPEDALI CIVILI DI BRESCIA,BRESCIA OVEST - 2,690545,FONDAZIONE RESIDENZA BERARDI MANZONI ETS,80011870179,01427710171,ALLOGGIO PROTETTO ANZIANI,048388,ALLOGGI PROTETTI PER ANZIANI DI RONCADELLE,6,BS,25030,RONCADELLE,,"VIA SAN BERNARDINO,63 B",0302780503,,INFO@BERARDIMANZONI.COM,,45.52959956,10.14689233,POINT (10.14689233 45.52959956)
030321,ATS DELLA CITTA' METROPOLITANA DI MILANO,030705,ASST OVEST MILANESE,ABBIATEGRASSO,690681,NUOVA ASSISTENZA- SOCIETA' COOPERATIVA SOCIALE ONLUS,06902520011,01684780032,ALLOGGIO PROTETTO ANZIANI,049719,VIRGILIO DOMINIONI,25,MI,20083,GAGGIANO,,"STRADA DALLA CHIESA,14",029086873,,GAGGIANO@NUOVASSISTENZA.IT,,45.4071226,9.0338561,POINT (9.0338561 45.4071226)
030323,ATS DELLA MONTAGNA,030713,ASST DELLA VALTELLINA E DELL'ALTO LARIO,SONDRIO,132810,FONDAZIONE GIOVANNI LONGONI ETS,00695640144,00695640144,ALLOGGIO PROTETTO ANZIANI,057033,RESIDENZA GIOVANNI LONGONI,56,SO,23100,SONDRIO,,"VIA SAN GIOVANNI BOSCO,1",3483658006,,FONDAZIONELONGONI@GMAIL.COM,WWW.FONDAZIONELONGONI.IT,46.17215,9.87614,POINT (9.87614 46.17215)
030324,ATS DELLA BRIANZA,030715,ASST DI LECCO,LECCO,690776,FONDAZIONE SACRA FAMIGLIA ETS,03034530158,00795470152,ALLOGGIO PROTETTO ANZIANI,054423,FONDAZIONE MONS. GIOVANNI BORSIERI,26,LC,23900,LECCO,,"VIA SAN NICOLO',6",0341 264500,,BORSIERI@SACRAFAMIGLIA.ORG,,45.85665,9.3897,POINT (9.3897 45.85665)
030323,ATS DELLA MONTAGNA,030714,ASST DELLA VALCAMONICA,VALLECAMONICA,122679,COMUNE DI BIENNO,81002430171,00723590980,CENTRO DIURNI ANZIANI,055723,CENTRO SOCIALE DIURNO PER ANZIANI,60,BS,25040,BIENNO,,"PIAZZA LIBERAZIONE,13",333/6074685,,APAB.B@LIBERO.IT,WWW.COMUNE.BIENNO.BS.IT,45.9359006,10.294833,POINT (10.294833 45.9359006)
030322,ATS DELL'INSUBRIA,030710,ASST DEI SETTE LAGHI,CITTIGLIO,690832,"""FONDAZIONE  GIUSEPPE E GIULIANA RONZONI- ONLUS""",83000410122,00666710124,ALLOGGIO PROTETTO ANZIANI,053349,MINIALLOGGI PROTETTI PER ANZIANI,8,VA,21023,BESOZZO,,"VIA DEGLI ORTI,14",0332770216,,FONDAZIONERONZONI@PEC.IT,,45.84766,8.66652,POINT (8.66652 45.84766)
030328,ATS DI PAVIA,030727,ASST DI PAVIA,PAVIA,170592,OVER TICINUM SRL,11632820962,11632820962,ALLOGGIO PROTETTO ANZIANI,053103,GIGLIO,2,PV,27100,PAVIA,,"VIALE LODI,43",0382/468915,,INFO@OVERTICINUM.IT,,45.189,9.18695,POINT (9.18695 45.189)
030326,ATS DI BRESCIA,030721,ASST DEGLI SPEDALI CIVILI DI BRESCIA,VALLE TROMPIA - 4,690581,FONDAZIONE VILLA FIORI RESIDENZA SANITARIA ASSISTENZIALE - ETS,80014450177,01823600174,ALLOGGIO PROTETTO ANZIANI,093204,ALLOGGI PROTETTI PER ANZIANI RSA FONDAZIONE VILLA FIORI,20,BS,25075,NAVE,,"VIA BELCOLLE,17",0302530393,,SEGRETERIA@VILLAFIORI.IT,,45.5876863,10.2777773,POINT (10.2777773 45.5876863)
030326,ATS DI BRESCIA,030723,ASST DEL GARDA,BASSA BRESCIANA CENTRALE - 9,690485,FONDAZIONE GAMBARA - TAVELLI ONLUS,88001710172,00727260986,ALLOGGIO PROTETTO ANZIANI,049060,ALLOGGI PROTETTI PER ANZIANI DI VEROLANUOVA,15,BS,25028,VEROLANUOVA,,"VIA LUIGI EINAUDI,1",030/931148,,INFO@GAMBARATAVELLI.IT,,45.32922,10.07501,POINT (10.07501 45.32922)
030324,ATS DELLA BRIANZA,030717,ASST DELLA BRIANZA,CARATE BRIANZA,690828,FONDAZIONE G. SCOLA ONLUS,83000310157,00985740968,ALLOGGIO PROTETTO ANZIANI,057109,MINI ALLOGGI PROTETTI PER ANZIANI FONDAZIONE G. SCOLA,20,MB,20842,BESANA IN BRIANZA,,"VIA CAMILLO BENSO CAVOUR,27",0362 91711,,UFFICIO.URP@FONDAZIONEGSCOLAONLUS.COM,,45.68374,9.29336,POINT (9.29336 45.68374)
030326,ATS DI BRESCIA,030723,ASST DEL GARDA,GARDA - SALO' - 11,130649,PIANETA ASSISTENZA SRLS,03775070984,03775070984,ALLOGGIO PROTETTO ANZIANI,052044,ALLOGGI PROTETTI PER ANZIANI,12,BS,25019,SIRMIONE,,"VIA SAN MARTINO DELLA BATTAGLIA,64",0309111921,,,,45.45906,10.61394,POINT (10.61394 45.45906)
030326,ATS DI BRESCIA,030723,ASST DEL GARDA,GARDA - SALO' - 11,690424,FONDAZIONE MADONNA DEL CORLO ETS,02964900175,00712050988,ALLOGGIO PROTETTO ANZIANI,062008,ALLOGGI PROTETTI PER ANZIANI DI LONATO,5,BS,25017,LONATO DEL GARDA,,"VIA PAROLINO,8",0309130205,,INFO@MADONNADELCORLO.IT,,45.4609204,10.484129,POINT (10.484129 45.4609204)
030328,ATS DI PAVIA,030727,ASST DI PAVIA,VOGHERA E COMUNITA' MONTANA OLTREPO' PAVESE,690506,UNIVERSIIS SOCIETA' COOPERATIVA SOCIALE,01818390302,01818390302,ALLOGGIO PROTETTO ANZIANI,055780,SAN FORTUNATO,11,PV,27050,CASEI GEROLA,,"VIA CAMILLO BENSO CAVOUR,6",0383/1911363,,RSA.CASEI@UNIVERSIIS.COM,,45.0055004,8.92686,POINT (8.92686 45.0055004)
030321,ATS DELLA CITTA' METROPOLITANA DI MILANO,030709,ASST DI LODI,LODI,732558,PRONTO CASA SOCIETA' COOPERATIVA SOCIALE A R.L.,12480860159,12480860159,ALLOGGIO PROTETTO ANZIANI,053261,VILLA MARTINA,20,LO,26866,MARUDO,,"VIA ROBADELLO,3/5",0371239970,,VILLAMARTINA2015@GMAIL.COM,,45.25262,9.37737,POINT (9.37737 45.25262)
030322,ATS DELL'INSUBRIA,030712,ASST LARIANA,CANTU',690802,FONDAZIONE R.S.A. GARIBALDI POGLIANI ONLUS,81002570133,01798350136,ALLOGGIO PROTETTO ANZIANI,053815,ALLOGGI PROTETTI PER ANZIANI - FONDAZIONE RSA GARIBALDI POGLIANI,10,CO,22070,CAPIAGO INTIMIANO,,"VIA ANDREA CAMUZIO,6",031 3515358,,DIREZIONEGENERALE@GARIBALDIPOGLIANI.COM,,45.76798,9.12478,POINT (9.12478 45.76798)
030322,ATS DELL'INSUBRIA,030711,ASST DELLA VALLE OLONA,GALLARATE,691476,IL MELO ONLUS SOCIETA' COOPERATIVA SOCIALE,91002590122,01564890125,ALLOGGIO PROTETTO ANZIANI,074268,ALLOGGI PROTETTI PER ANZIANI IL MELO,6,VA,21013,GALLARATE,,"VIA MAGENTA,3",0331776083,,PRESIDENZA@MELO.LEGALMAIL.IT,,45.65624,8.7934,POINT (8.7934 45.65624)
030322,ATS DELL'INSUBRIA,030711,ASST DELLA VALLE OLONA,SOMMA LOMBARDO,121984,ASSOCIAZIONE CIRCOLO ANZIANI,91031250128,91031250128,CENTRO DIURNI ANZIANI,051930,CENTRO DIURNO ANZIANI,100,VA,21010,FERNO,,"PIAZZA MONSIGNORE ERMINIO BONETTA,1",331241744,,CENTROANZIANIFERNO@VIRGILIO.IT,,45.61397,8.75495,POINT (8.75495 45.61397)
030322,ATS DELL'INSUBRIA,030711,ASST DELLA VALLE OLONA,GALLARATE,692011,COMUNE DI SAMARATE,00504690124,00504690124,CENTRO DIURNI ANZIANI,050692,CENTRO ANZIANI DOTT. OLLEARO,70,VA,21017,SAMARATE,,"VIA DANTE ALIGHIERI,31",0331222214,,CATERINA.BRUSOTTI@SAMARATE.NET,,45.62899,8.78261,POINT (8.78261 45.62899)
030322,ATS DELL'INSUBRIA,030711,ASST DELLA VALLE OLONA,GALLARATE,202108,ARES SOCIETA' COOPERATIVA SOCIALE,02437650068,02437650068,ALLOGGIO PROTETTO ANZIANI,100084,A.P.A. N.3 VILLA CRISTINA,2,VA,21013,GALLARATE,,"VIA ADELAIDE RISTORI, 25",3664569586,,ARESOCIALE@VIRGILIO.IT,,45.667302317762,8.812621686986,POINT (8.812621686986 45.667302317762)
030328,ATS DI PAVIA,030727,ASST DI PAVIA,BRONI E CASTEGGIO,163372,COOPERATIVA SOCIALE LONATI ONLUS,02753760186,02753760186,ALLOGGIO PROTETTO ANZIANI,072428,RESIDENZA LONATI COOPERATIVA SOCIALE,22,PV,27041,CASANOVA LONATI,,"PIAZZA TENENTE EDOARDO ALBERTI,2/B",342/1210263,,AMMINISTRAZIONE@RESIDENZALONATI.IT,,45.0939683,9.2134365,POINT (9.2134365 45.0939683)
030323,ATS DELLA MONTAGNA,030714,ASST DELLA VALCAMONICA,VALLECAMONICA,122185,ASSOCIAZIONE PENSIONATI E INVALIDI,90004250172,90004250172,CENTRO DIURNI ANZIANI,048214,AUSER INSIEME DI GIANICO APS,25,BS,25040,GIANICO,,"VIA GUGLIELMO MARCONI,9",0364/534217,,APIGAUSER@LIBERO.IT,,45.8649011,10.17969,POINT (10.17969 45.8649011)
030324,ATS DELLA BRIANZA,030717,ASST DELLA BRIANZA,VIMERCATE,123382,COMUNE DI CORNATE D'ADDA,02846660153,00738730969,CENTRO DIURNI ANZIANI,051682,CENTRO ANZIANI PROTAGONISTI,150,MB,20872,CORNATE D'ADDA,,"VIA ALDO MORO,5",039 6060444,,CEN.ANZIANI@LIBERO.IT,,45.6405178,9.4658985,POINT (9.4658985 45.6405178)
030321,ATS DELLA CITTA' METROPOLITANA DI MILANO,030705,ASST OVEST MILANESE,ABBIATEGRASSO,690858,FONDAZIONE GIUSEPPE GEMELLARO ETS,97146120155,03345430965,ALLOGGIO PROTETTO ANZIANI,049926,RESIDENZA LA MERIDIANA,32,MI,20080,ALBAIRATE,,"VIA MONSIGNOR PALESTRA,5",0294920705,,FONDGEMELLARO@TISCALINET.IT,,45.4177804,8.9424412,POINT (8.9424412 45.4177804)
030324,ATS DELLA BRIANZA,030715,ASST DI LECCO,MERATE,691775,L'ARCOBALENO SOCIETA' COOPERATIVA SOCIALE - ONLUS,01461770131,01461770131,ALLOGGIO PROTETTO ANZIANI,055206,CORTE BUSCA,8,LC,23871,LOMAGNA,,"PIAZZA DON ANGELO LIMONTA,1",039 8946888,,S.BUZZETTI@LARCOBALENO.COOP,WWW.LARCOBALENO.COOP,45.6715,9.37484,POINT (9.37484 45.6715)
030327,ATS DELLA VAL PADANA,030726,ASST DI CREMA,CREMA,690690,FONDAZIONE BENEFATTORI CREMASCHI ETS,01319070197,01319070197,ALLOGGIO PROTETTO ANZIANI,054507,CASAMICA CREMA,7,CR,26013,CREMA,,"VIA KENNEDY,2",0373/2061,,SEGRETERIA@FBCONLUS.IT,,45.3601202,9.6886683,POINT (9.6886683 45.3601202)
030322,ATS DELL'INSUBRIA,030711,ASST DELLA VALLE OLONA,GALLARATE,202108,ARES SOCIETA' COOPERATIVA SOCIALE,02437650068,02437650068,ALLOGGIO PROTETTO ANZIANI,100082,A.P.A. N.4 VILLA CRISTINA,2,VA,21013,GALLARATE,,"VIA ADELAIDE RISTORI, 25",3664569586,,ARESOCIALE@VIRGILIO.IT,,45.667302317762,8.812621686986,POINT (8.812621686986 45.667302317762)
030326,ATS DI BRESCIA,030721,ASST DEGLI SPEDALI CIVILI DI BRESCIA,BRESCIA EST - 3,690810,FONDAZIONE CASA DI RIPOSO PER ANZIANI DI BOTTICINO ONLUS,80048980173,01790140170,ALLOGGIO PROTETTO ANZIANI,053317,ALLOGGIO PROTETTO PER ANZIANI DI BOTTICINO,10,BS,25082,BOTTICINO,,"VIA TITO SPERI,105",0302691107,,AMMINISTRAZIONE@CASDIRIPOSOBOTTICINO.IT,,45.5354147,10.3052448,POINT (10.3052448 45.5354147)
030321,ATS DELLA CITTA' METROPOLITANA DI MILANO,030705,ASST OVEST MILANESE,ALTO MILANESE,177373,OPERA PIA CASTIGLIONI S.R.L.,07753450969,07753450969,ALLOGGIO PROTETTO ANZIANI,094449,ALLOGGI PROTETTI PER ANZIANI DI ARCONATE,20,MI,20020,ARCONATE,,"PIAZZA GIOVANNI FALCONE PAOLO BORSELLINO, 1",03311122615,,INFO@ARCONATECASAFAMIGLIA.IT,,45.540277,8.845927,POINT (8.845927 45.540277)
030324,ATS DELLA BRIANZA,030717,ASST DELLA BRIANZA,SEREGNO,690610,FONDAZIONE GIUSEPPE BESANA ONLUS,03273050157,00746390962,ALLOGGIO PROTETTO ANZIANI,057010,FONDAZIONE GIUSEPPE BESANA,8,MB,20821,MEDA,,"VIA LUIGI RHO,4/6",0362 71723,,INFO@FONDAZIONEGIUSEPPEBESANA.IT,,45.6664544,9.1604627,POINT (9.1604627 45.6664544)
030322,ATS DELL'INSUBRIA,030711,ASST DELLA VALLE OLONA,GALLARATE,732588,ALE.MAR. COOPERATIVA SOCIALE ONLUS,01956990186,01956990186,ALLOGGIO PROTETTO ANZIANI,090245,"APA ""IL GIARDINO""",18,VA,21013,GALLARATE,,"VIA FRANCESCO POMA,1",3887316134,,ILGIARDONOGALLARATE@GMAIL.COM,HTTPS://WWW.RESIDENZAILGIARDINO.IT,45.65747,8.79537,POINT (8.79537 45.65747)
030321,ATS DELLA CITTA' METROPOLITANA DI MILANO,030706,ASST RHODENSE,RHO,691454,FONDAZIONE GIUSEPPE RESTELLI ONLUS,86503120155,08938040154,ALLOGGIO PROTETTO ANZIANI,049978,MINIALLOGGI FONDAZIONE RESTELLI VIA CADORNA 61/C,70,MI,20017,RHO,,"VIA LUIGI CADORNA,61/C",029302080,,DIREZIONE@FONDAZIONERESTELLI.IT,,45.5369434,9.033422,POINT (9.033422 45.5369434)
030321,ATS DELLA CITTA' METROPOLITANA DI MILANO,030702,ASST SANTI PAOLO E CARLO,MILANO CITTA',690724,MED SERVICES COOPERATIVA SOCIALE,01821480181,01821480181,ALLOGGIO PROTETTO ANZIANI,054918,ALLOGGI PROTETTI BAGGIO,9,MI,20153,MILANO,,"VIA CAPRI,21",02 48916905,,RSABAGGIO@ALICE.IT,,45.46766,9.0929408,POINT (9.0929408 45.46766)
030322,ATS DELL'INSUBRIA,030712,ASST LARIANA,MARIANO COMENSE,690609,FONDAZIONE PORTA SPINOLA,81008470130,02418440133,ALLOGGIO PROTETTO ANZIANI,090779,"MINI ALLOGGI ""IL BORGO""",14,CO,22066,MARIANO COMENSE,,"VIA SANTO STEFANO,28",031748035,,INFO@PORTASPINOLA.IT,HTTP://WWW.PORTASPINOLA.IT/,45.6968546,9.176879,POINT (9.176879 45.6968546)
030326,ATS DI BRESCIA,030722,ASST DELLA FRANCIACORTA,BASSA BRESCIANA OCCIDENTALE - 8,119795,COMUNE DI ORZINUOVI,00850450172,00582230983,CENTRO DIURNI ANZIANI,051650,CENTRO DIURNO ANZIANI DI ORZINUOVI,50,BS,25034,ORZINUOVI,,"VIA SECONDO MARTINELLI,20",0309942100,,SERVSOCIALI@COMUNE.ORZINUOVI.BS.IT,,45.4052345,9.9236097,POINT (9.9236097 45.4052345)
030325,ATS DI BERGAMO,030719,ASST DI BERGAMO OVEST,DALMINE,731729,NAMASTE' SOCIETA' COOPERATIVA SOCIALE,02906930165,02906930165,ALLOGGIO PROTETTO ANZIANI,047864,RESIDENZIALITA' INTERMEDIA E PROTETTA PER ANZIANI,10,BG,24048,TREVIOLO,,"VIA ANTONIETTA ARIOLI DOLCI,14",035/6221200,,SEGRETERIA@COOPNAMASTE.IT,,45.6730151,9.6125041,POINT (9.6125041 45.6730151)
030322,ATS DELL'INSUBRIA,030710,ASST DEI SETTE LAGHI,AZZATE,691825,"FONDAZIONE CASA FAMIGLIA ""MADONNA DEI MIRACOLI"" ONLUS",02314540127,02314540127,CENTRO DIURNI ANZIANI,048241,CENTRO DIURNO ANZIANI,45,VA,21040,CARNAGO,,"VIA DANTE ALIGHIERI,11",0331 993335,,CASAFAMIGLIAMDM@LIBERO.IT,,45.7235479,8.8416115,POINT (8.8416115 45.7235479)
030321,ATS DELLA CITTA' METROPOLITANA DI MILANO,030708,ASST MELEGNANO E DELLA MARTESANA,TREZZO SULL'ADDA,121332,COMUNE DI VAPRIO D'ADDA,03614850158,03614850158,CENTRO DIURNI ANZIANI,056085,CENTRO DIURNO ANZIANI,50,MI,20069,VAPRIO D'ADDA,,"VIA SANT'ANTONIO,6",02 90989829,,INFO@AUSERVAPRIO.IT,,45.5752512,9.5326011,POINT (9.5326011 45.5752512)
030325,ATS DI BERGAMO,030718,ASST PAPA GIOVANNI XXIII,VALLE BREMBANA,691148,FONDAZIONE DON STEFANO PALLA ONLUS,02221610161,02221610161,ALLOGGIO PROTETTO ANZIANI,052111,ALLOGGI PROTETTI DON PALLA,4,BG,24014,PIAZZA BREMBANA,,"VIA MONTE SOLE,2",0345/82434,,INFO@DONPALLA.ORG,WWW.DONPALLA.ORG,45.9465383,9.6778978,POINT (9.6778978 45.9465383)
030321,ATS DELLA CITTA' METROPOLITANA DI MILANO,030706,ASST RHODENSE,CORSICO,690776,FONDAZIONE SACRA FAMIGLIA ETS,03034530158,00795470152,ALLOGGIO PROTETTO ANZIANI,097587,MINI ALLOGGI PER ANZIANI SAN CARLO,4,MI,20090,CESANO BOSCONE,,"PIAZZA MONSIGNOR LUIGI MONETA, 1",02456771,,PRESIDENZA@SACRAFAMIGLIA.ORG,,45.44939,9.093904,POINT (9.093904 45.44939)
030324,ATS DELLA BRIANZA,030717,ASST DELLA BRIANZA,MONZA,690603,LA MERIDIANA SOCIETA' COOPERATIVA SOCIALE,08400690155,02322460961,ALLOGGIO PROTETTO ANZIANI,056694,OASI SAN GERARDO,44,MB,20900,MONZA,,"VIA GERARDO DEI TINTORI,18",039 390931,,OASI@COOPLAMERIDIANA.IT,,45.58554,9.27915,POINT (9.27915 45.58554)
030324,ATS DELLA BRIANZA,030717,ASST DELLA BRIANZA,CARATE BRIANZA,135411,SOCIETA' COOPERATIVA SOCIALE RESIDENZE LEGGERE ONLUS,09397480964,09397480964,CENTRO DIURNI ANZIANI,054560,RESIDENCE TRE PINI,20,MB,20841,CARATE BRIANZA,,VIA TAGLIAMENTO SNC,0362 991752,,INFO@RESIDENCETREPINI.IT,,45.67928,9.23719,POINT (9.23719 45.67928)
030327,ATS DELLA VAL PADANA,030724,ASST DI CREMONA,CREMONA,120356,CONGREGAZIONE FIGLIE DI GESU' BUON PASTORE,00285000337,00285000337,ALLOGGIO PROTETTO ANZIANI,051415,CASA SERENA,50,CR,26100,CREMONA,,"VIA GASPARE ASELLI,58",0372/27455,,AMALIA.BERGONZI@GMAIL.COM,,45.13788,10.0245,POINT (10.0245 45.13788)
030322,ATS DELL'INSUBRIA,030710,ASST DEI SETTE LAGHI,SESTO CALENDE,690484,FONDAZIONE PADRE ORESTE CERRI ONLUS,02002290126,02002290126,ALLOGGIO PROTETTO ANZIANI,055407,CASA ALBERGO PAD VILLA,25,VA,21029,VERGIATE,,"VIA DEL VILLAGGIO,1",0331/946127,,VILLAGGIOFANCIULLO@PEC.IT,WWW.VILLAGGIOFANCIULLO.IT,45.7260744,8.7001919,POINT (8.7001919 45.7260744)
030327,ATS DELLA VAL PADANA,030725,ASST DI MANTOVA,SUZZARA,690454,I TULIPANI S.R.L.,02152450207,02152450207,ALLOGGIO PROTETTO ANZIANI,057143,I TULIPANI,2,MN,46023,GONZAGA,,STRADA COMUNALE MARINA,0376 58556,,TULIPANI@LAPINETASC.IT,HTTPS://WWW.TULIPANIRSA.IT,44.962867896521,10.821640496525,POINT (10.821640496525 44.962867896521)
030325,ATS DI BERGAMO,030720,ASST DI BERGAMO EST,ALTO SEBINO,119149,COMUNE DI LOVERE,81003470168,00341690162,CENTRO DIURNI ANZIANI,052871,CENTRO DIURNO ANZIANI,60,BG,24065,LOVERE,,"VIA BORTOLOTTI,11",338-5312417,,,,45.82029,10.07962,POINT (10.07962 45.82029)
030327,ATS DELLA VAL PADANA,030726,ASST DI CREMA,CREMA,690709,FONDAZIONE DI SERVIZI ALLA PERSONA MILANESI E FROSI ETS,83000490199,00681280194,ALLOGGIO PROTETTO ANZIANI,100254,ALLOGGI RESIDENZA ROSETTA,6,CR,26013,CREMA,,VIA XI FEBBRAIO,0374375600,,DIREZIONE@RSATRIGOLO.IT,,45.3662138574,9.7030335663,POINT (9.7030335663 45.3662138574)
030328,ATS DI PAVIA,030727,ASST DI PAVIA,VOGHERA E COMUNITA' MONTANA OLTREPO' PAVESE,690480,FONDAZIONE SAN GERMANO ONLUS,01339220186,01339220186,ALLOGGIO PROTETTO ANZIANI,082708,SAN GERMANO,3,PV,27057,VARZI,,"VIA FORTUNATO REPETTI,12",0383/544811,,INFO@FONDAZIONE-SANGERMANO.IT,WWW.FONDAZIONE-SANGERMANO.IT,44.8256712,9.192057,POINT (9.192057 44.8256712)
030323,ATS DELLA MONTAGNA,030713,ASST DELLA VALTELLINA E DELL'ALTO LARIO,TIRANO,690493,"""FONDAZIONE """"CASA DI RIPOSO CITTA' DI TIRANO"""" ONLUS""",83001140140,00401160148,ALLOGGIO PROTETTO ANZIANI,049455,FONDAZIONE CASA DI RIPOSO CITTA DI TIRANO ONLUS,36,SO,23037,TIRANO,,"VIA GIOVANNI BERTACCHI,6",0342704790,,INFO@RSATIRANO.IT,,46.2178176,10.171612,POINT (10.171612 46.2178176)
030323,ATS DELLA MONTAGNA,030714,ASST DELLA VALCAMONICA,VALLECAMONICA,122190,ASSOCIAZIONE VOLONTARI ASSISTENZA MALEGNO,90004270170,90004270170,CENTRO DIURNI ANZIANI,055478,CENTRO DIURNO PER ANZIANI,45,BS,25053,MALEGNO,,"VIA CAVA,40",0364/341186,,NIVES11@YAHOO.COM,,45.9500019,10.2756285,POINT (10.2756285 45.9500019)
030324,ATS DELLA BRIANZA,030715,ASST DI LECCO,BELLANO,120494,COMUNE DI MANDELLO DEL LARIO,00629950130,00629950130,CENTRO DIURNI ANZIANI,050238,CENTRO DIURNO ANZIANI GIORGIO E IRENE FALK,40,LC,23826,MANDELLO DEL LARIO,,"VIA ALESSANDRO MANZONI,44/4",0341 700417,,STR.1@MANDELLOLARIO.IT,,45.9150207,9.3184972,POINT (9.3184972 45.9150207)
030327,ATS DELLA VAL PADANA,030724,ASST DI CREMONA,CREMONA,690562,FONDAZIONE BRUNO PARI ONLUS,80004330199,00870300191,ALLOGGIO PROTETTO ANZIANI,049107,MINI ALLOGGI PROTETTI,15,CR,26032,OSTIANO,,"VIA GIOVAN BATTISTA ROSA,42",0372/856233,,AMMINISTRAZIONE@OSPEDALEOSTIANO.IT,,45.2255048,10.2466195,POINT (10.2466195 45.2255048)
030323,ATS DELLA MONTAGNA,030713,ASST DELLA VALTELLINA E DELL'ALTO LARIO,SONDRIO,690869,CROCE DI MALTA SRL,03653930960,03653930960,ALLOGGIO PROTETTO ANZIANI,071293,BERNINA APPARTAMENTI PROTETTI,20,SO,23100,SONDRIO,,"VIA NAZARIO SAURO,64",0342 0686700,,INFO.BERNINA@KORIAN.IT,,46.16863,9.87622,POINT (9.87622 46.16863)
030327,ATS DELLA VAL PADANA,030724,ASST DI CREMONA,CREMONA,691264,ISTITUTO OSPEDALIERO DI SOSPIRO - ONLUS,80004030195,00385470190,ALLOGGIO PROTETTO ANZIANI,052064,ALLOGGI PROTETTI PER ANZIANI,20,CR,26048,SOSPIRO,,"VIA TORTI,2",03726201,,FONDAZIONESOSPIRO@RACCOMANDATA-AR.COM,,45.10627,10.15672,POINT (10.15672 45.10627)
030322,ATS DELL'INSUBRIA,030712,ASST LARIANA,MARIANO COMENSE,690843,FONDAZ. ANNA BORLETTI PER INVALIDI E ANZIANI -ONLUS,81001590132,00784340135,ALLOGGIO PROTETTO ANZIANI,056930,MINI ALLOGGI PROTETTI PER ANZIANI,10,CO,22060,AROSIO,,"VIA PIAVE,9",031/761361,,FONDAZIONEBORLETTI@PCERT.IT,HTTP://WWW.FONDAZIONEBORLETTI.IT/MINI_ALLOGGI.HTM,45.71799,9.20684,POINT (9.20684 45.71799)
030327,ATS DELLA VAL PADANA,030726,ASST DI CREMA,CREMA,690709,FONDAZIONE DI SERVIZI ALLA PERSONA MILANESI E FROSI ETS,83000490199,00681280194,ALLOGGIO PROTETTO ANZIANI,074548,RESIDENZA FRANCESCA,7,CR,26018,TRIGOLO,,"VIA CANEVARI, 85",0373/259095,,DIREZIONE@RSATRIGOLO.IT,,45.332105,9.804788,POINT (9.804788 45.332105)
030321,ATS DELLA CITTA' METROPOLITANA DI MILANO,030706,ASST RHODENSE,RHO,691454,FONDAZIONE GIUSEPPE RESTELLI ONLUS,86503120155,08938040154,ALLOGGIO PROTETTO ANZIANI,095462,ALLOGGI PROTETTI PER ANZIANI VIA CADORNA 63,9,MI,20017,RHO,,"VIA LUIGI CADORNA,63",029302080,,DIREZIONE@FONDAZIONERESTELLI.IT,,45.5372003,9.0334866,POINT (9.0334866 45.5372003)
030324,ATS DELLA BRIANZA,030717,ASST DELLA BRIANZA,MONZA,691212,SEGESTA GESTIONI SRL,04140620966,04140620966,ALLOGGIO PROTETTO ANZIANI,052206,APPARTAMENTI KORIAN VILLASANCLEMENTE,15,MB,20852,VILLASANTA,,"VIA GIUSEPPE GARIBALDI,77",039 2052393,,INFO.VILLASANCLEMENTE@KORIAN.IT,,45.6042353,9.3090212,POINT (9.3090212 45.6042353)
030327,ATS DELLA VAL PADANA,030725,ASST DI MANTOVA,OGLIO PO,690631,FONDAZIONE MONSIGNOR BENEDINI ONLUS,80020890200,01306390202,ALLOGGIO PROTETTO ANZIANI,054588,MINI ALLOGGI PROTETTI PER ANZIANI,16,MN,46010,MARCARIA,,"VICOLO AIE,1",0376/950033,,SEGRETERIA@FONDAZIONEBENEDINI.IT,,45.1203121,10.5345572,POINT (10.5345572 45.1203121)
030325,ATS DI BERGAMO,030719,ASST DI BERGAMO OVEST,DALMINE,690506,UNIVERSIIS SOCIETA' COOPERATIVA SOCIALE,01818390302,01818390302,ALLOGGIO PROTETTO ANZIANI,054619,ALLOGGI PROTETTI PER ANZIANI,24,BG,24044,DALMINE,,"VIALE ANTONIO LOCATELLI,6",035373635,,AMMINISTRAZIONE.DALMINE@UNIVERSIIS.IT,WWW.UNIVERSIIS.COM,45.64696,9.60402,POINT (9.60402 45.64696)
030327,ATS DELLA VAL PADANA,030725,ASST DI MANTOVA,OSTIGLIA,690502,FONDAZIONE SCARPARI FORATTINI ETS,80017860208,01317830204,ALLOGGIO PROTETTO ANZIANI,098556,ALLOGGI PROTETTI SAN GIOVANNI DOSSO,8,MN,46020,SAN GIOVANNI DEL DOSSO,,VIA MARTIRI DELLA LIBERTA' 47A,038658121,,INFO@SCARPARI.IT,WWW.SCARPARI.IT,44.9648173177,11.0813349071,POINT (11.0813349071 44.9648173177)
030327,ATS DELLA VAL PADANA,030726,ASST DI CREMA,CREMA,690709,FONDAZIONE DI SERVIZI ALLA PERSONA MILANESI E FROSI ETS,83000490199,00681280194,ALLOGGIO PROTETTO ANZIANI,055518,RESIDENZA ROSETTA,26,CR,26013,CREMA,,"VIA XI FEBBRAIO,42",0373/259095,,DIREZIONE@RSATRIGOLO.IT,,45.3649956,9.70877,POINT (9.70877 45.3649956)
030328,ATS DI PAVIA,030727,ASST DI PAVIA,PAVIA,166072,COOPERATIVA SOCIALE F.A.I. PONTEVECCHIO S.P.A.,01830880181,01830880181,ALLOGGIO PROTETTO ANZIANI,091418,ARCOBALENO PARC,14,PV,27028,SAN MARTINO SICCOMARIO,,"VIA DEGLI ONTANI, 2",038215861,,INFO@FAIPONTEVECCHIO.COM,WWW.FAIPONTEVECCHIO.COM,45.153769,9.131909,POINT (9.131909 45.153769)
030321,ATS DELLA CITTA' METROPOLITANA DI MILANO,030706,ASST RHODENSE,RHO,691454,FONDAZIONE GIUSEPPE RESTELLI ONLUS,86503120155,08938040154,ALLOGGIO PROTETTO ANZIANI,053316,MINI ALLOGGI DELLA FONDAZIONE RESTELLI VIA CADORNA 65,8,MI,20017,RHO,,"VIA LUIGI CADORNA,65",029302080,,DIREZIONE@FONDAZIONERESTELLI.IT,,45.53764,9.033531,POINT (9.033531 45.53764)
030328,ATS DI PAVIA,030727,ASST DI PAVIA,BRONI E CASTEGGIO,691719,COMUNE DI CERVESINA,00333900181,00333900181,ALLOGGIO PROTETTO ANZIANI,053113,MINI ALLOGGI PER ANZIANI,7,PV,27050,CERVESINA,,"VIA UMBERTO I, 14",0383/375156,,,,45.0625060103,9.015747136,POINT (9.015747136 45.0625060103)
030322,ATS DELL'INSUBRIA,030711,ASST DELLA VALLE OLONA,SOMMA LOMBARDO,125848,IL FAGGIO ROSSO SRL,03440480121,03440480121,ALLOGGIO PROTETTO ANZIANI,049284,IL FAGGIO ROSSO SRL,39,VA,21011,CASORATE SEMPIONE,,"VIA TRIESTE,11",0331185561,,ILFAGGIOROSSO@LEGALMAIL.IT,WWW.ILFAGGIOROSSO.COM,45.67394,8.74878,POINT (8.74878 45.67394)
030326,ATS DI BRESCIA,030722,ASST DELLA FRANCIACORTA,OGLIO OVEST - 7,690768,CENTRO DI SERVIZI PER ANZIANI CASA DI RIPOSO MAGGI ETS FONDAZIONE,82003210174,00724820980,ALLOGGIO PROTETTO ANZIANI,054010,ALLOGGI PROTETTI PER ANZIANI DI CASTREZZATO,4,BS,25030,CASTREZZATO,,"VIA GUGLIELMO MARCONI,20",030/7140032,,CASARIPOSOMAGGI@TIN.IT,,45.5123509,9.9818891,POINT (9.9818891 45.5123509)
030324,ATS DELLA BRIANZA,030717,ASST DELLA BRIANZA,CARATE BRIANZA,121495,COMUNE DI LISSONE,02968150157,00740590963,CENTRO DIURNI ANZIANI,048034,CDA I COLORI DELLA VITA,200,MB,20851,LISSONE,,PIAZZA DELLA LEGA LOMBARDA 1,039 7397298,,FAMIGLIAPOLITICHESOCIALI@COMUNE.LISSONE.MB.IT,,45.61007,9.24241,POINT (9.24241 45.61007)
030328,ATS DI PAVIA,030727,ASST DI PAVIA,BRONI E CASTEGGIO,132859,ASSOCIAZIONE SOLE D'ARGENTO 2,02774830182,02774830182,ALLOGGIO PROTETTO ANZIANI,053355,SOLE D'ARGENTO 2,14,PV,27043,BRONI,,"STRADA PAVESE,3",3804797195,,MARILUZ1000@HOTMAIL.IT,WWW.CASAFAMIGLIASOLEDARGENTO2.IT,45.0725695,9.2639571,POINT (9.2639571 45.0725695)
030322,ATS DELL'INSUBRIA,030710,ASST DEI SETTE LAGHI,SESTO CALENDE,121981,COMUNE DI ISPRA,00309310126,00309310126,CENTRO DIURNI ANZIANI,051929,CENTRO DIURNO ANZIANI,50,VA,21027,ISPRA,,"VIA MADONNINA DEL GRAPPA, 15",0332/7833500,,PROTOCOLLO.ISPRA@PEC.IT,,45.816079976228,8.611056302219,POINT (8.611056302219 45.816079976228)
030322,ATS DELL'INSUBRIA,030711,ASST DELLA VALLE OLONA,GALLARATE,202108,ARES SOCIETA' COOPERATIVA SOCIALE,02437650068,02437650068,ALLOGGIO PROTETTO ANZIANI,100070,A.P.A. N.1 VILLA CRISTINA,2,VA,21013,GALLARATE,,"VIA ADELAIDE RISTORI, 25",3664569586,,ARESOCIALE@VIRGILIO.IT,,45.667302317762,8.812621686986,POINT (8.812621686986 45.667302317762)
030324,ATS DELLA BRIANZA,030717,ASST DELLA BRIANZA,VIMERCATE,121540,COMUNE DI BERNAREGGIO,87001490157,00988400966,CENTRO DIURNI ANZIANI,056904,"CENTRO DIURNO ANZIANI - CENTRO POLIFUNZIONALE ""VERONELLI""",15,MB,20881,BERNAREGGIO,,"VIA CONTE CAMILLO BENSO DI CAVOUR,8",039-6901645,,SERVIZISOCIALI@COMUNE.BERNAREGGIO.MB.IT,,45.64773,9.40776,POINT (9.40776 45.64773)
030324,ATS DELLA BRIANZA,030715,ASST DI LECCO,BELLANO,690776,FONDAZIONE SACRA FAMIGLIA ETS,03034530158,00795470152,ALLOGGIO PROTETTO ANZIANI,049540,VILLA QUIETE,8,LC,23828,PERLEDO,,"STRADA DEL VERDE,11",0341814111,,REGOLEDO@SACRAFAMIGLIA.ORG,,46.0263454,9.2863101,POINT (9.2863101 46.0263454)
030326,ATS DI BRESCIA,030722,ASST DELLA FRANCIACORTA,MONTE ORFANO - 6,119794,COMUNE DI NUVOLENTO,06665420176,06665420176,CENTRO DIURNI ANZIANI,050406,"CENTRO DIURNO ANZIANI ""G.ORSATTI""",120,BS,25036,PALAZZOLO SULL'OGLIO,,"VIA GIUSEPPE ZANARDELLI,25",030/732776,,VILLAPENSIONATI@INTRED.NET,,45.5987299,9.8877707,POINT (9.8877707 45.5987299)
030322,ATS DELL'INSUBRIA,030710,ASST DEI SETTE LAGHI,VARESE,105007,MARINER UNO S.R.L.,05433160966,05433160966,ALLOGGIO PROTETTO ANZIANI,054481,RESIDENZA VILLA MOLINA,22,VA,21100,VARESE,,"VIA BRUNICO,31",0332/283699-335519,,VILLAMOLINA@LERESIDENZE.IT,,45.82044,8.84382,POINT (8.84382 45.82044)
030328,ATS DI PAVIA,030727,ASST DI PAVIA,PAVIA,170592,OVER TICINUM SRL,11632820962,11632820962,ALLOGGIO PROTETTO ANZIANI,048356,ALLOGGI PROTETTI PER ANZIANI GLICINE E TULIPANO,4,PV,27100,PAVIA,,"VIALE LODI,45",0382468915,,VILLAFLAVIA@CRMSOCIALE.IT,,45.18875,9.18713,POINT (9.18713 45.18875)
030328,ATS DI PAVIA,030727,ASST DI PAVIA,ALTO E BASSO PAVESE,690492,PII ISTITUTI UNIFICATI,00478980188,00478980188,ALLOGGIO PROTETTO ANZIANI,055559,"RESIDENZA PER ANZIANI ""C. PARISIO""",26,PV,27014,CORTEOLONA E GENZONE,,"VIA ROMA, 11",0382/973997,,RESIDENZAPARISIO@PIUBELGIOIOSO.IT,,45.1562541188,9.37349766,POINT (9.37349766 45.1562541188)
030323,ATS DELLA MONTAGNA,030714,ASST DELLA VALCAMONICA,VALLECAMONICA,690574,FONDAZIONE  GIOVANNINA RIZZIERI ETS,81005270178,00723890984,ALLOGGIO PROTETTO ANZIANI,053427,CASA AMICA,7,BS,25052,PIANCOGNO,,"VIA NAZIONALE,45",0364360561,,INFO@FONDAZIONERIZZIERI.IT,HTTP://FONDAZIONERIZZIERI.IT/,45.9171875,10.2195423,POINT (10.2195423 45.9171875)
030323,ATS DELLA MONTAGNA,030714,ASST DELLA VALCAMONICA,VALLECAMONICA,122189,ASSOCIAZIONE DI FRATERNITA' FRA ANZIANI - INVALIDI E PENSIONATI,90002860170,90002860170,CENTRO DIURNI ANZIANI,049353,CENTRO DIURNO ANZIANI,30,BS,25040,CIVIDATE CAMUNO,,"VIA LAFFRANCHINI,30/A",0364/342055,,CENTROANIANI.CIVIDATE@PEC.IT,,45.94328,10.27735,POINT (10.27735 45.94328)
030327,ATS DELLA VAL PADANA,030724,ASST DI CREMONA,CREMONA,691831,FONDAZIONE LA PACE ETS,93052420192,01590790190,ALLOGGIO PROTETTO ANZIANI,047713,ALLOGGI PROTETTI GIOVANNI E LUCIANA ARVEDI,12,CR,26100,CREMONA,,"VIA ANGELO MASSAROTTI,49",0372/807100,,AMMINISTRAZIONE@FONDAZIONELAPACEONLUS.IT,,45.13556,10.01205,POINT (10.01205 45.13556)
