COD_ASL,COD_STRUTTURA,DENOM_STRUTTURA,INDIRIZZO_UBICAZIONE,COD_ISTAT_COMUNE_UBICAZIONE,COMUNE_UBICAZIONE,CAP,PROV_COMUNE_UBICAZIONE,TOT_POSTI_AUTORIZZATI,TOT_POSTI_ACCREDITATI,COD_GESTORE,DENOM_GESTORE,P_IVA,COD_FISCALE_GESTORE,INDIRIZZO_SEDE_LEGALE,COD_ISTAT_COMUNE_SEDE_LEGALE,COMUNE_SEDE_LEGALE,PROV_SEDE_LEGALE,NATURA_GIURIDICA,PUBBLICA_PRIVATA,ONLUS,WGS84_X,WGS84_Y,LOCATION
326,094346,CENTRO DIURNO,"VIA SANTA MARIA,17",017077,GAVARDO,25085,BS,25,25,690735,FONDAZIONE LA MEMORIA ETS,96000500171,96000500171,"VIA SANTA MARIA,17",017077,GAVARDO,BS,,PRIVATA,,10.4396983,45.5870188,POINT (10.4396983 45.5870188)
323,000931,CDI CITTA' DI TIRANO,"VIA GIOVANNI BERTACCHI,3",014066,TIRANO,23037,SO,20,20,690493,"""FONDAZIONE """"CASA DI RIPOSO CITTA' DI TIRANO"""" ONLUS""",00401160148,83001140140,"VIA GIOVANNI BERTACCHI,6",014066,TIRANO,SO,,PRIVATA,,10.1707946,46.2176723,POINT (10.1707946 46.2176723)
324,001175,CDI GIMOT,"VIA MARCO D'AGRATE,28",108001,AGRATE BRIANZA,20864,MB,20,20,691738,COMUNE DI AGRATE BRIANZA,00732220967,02254070150,"VIA SAN PAOLO,24",108001,AGRATE BRIANZA,MB,,PUBBLICA,,9.350198,45.5751731,POINT (9.350198 45.5751731)
326,090647,CASA SERENA  MAESTRA ANGIOLINA BRESCIANI,"VIA BARCO,60 G",017046,CAZZAGO SAN MARTINO,25046,BS,20,20,690677,DON AMBROGIO CACCIAMATTA - FRATELLI GUERINI ONLUS,03595720172,80016110175,"VIA PER ROVATO,13/D",017085,ISEO,BS,,PRIVATA,,10.0408512,45.583146,POINT (10.0408512 45.583146)
324,001019,CDI MARIA BAMBINA,"VIA ROMA,7",108006,BELLUSCO,20882,MB,25,25,691775,L'ARCOBALENO SOCIETA' COOPERATIVA SOCIALE - ONLUS,01461770131,01461770131,"VIALE FILIPPO TURATI,117",097042,LECCO,LC,SOCIETA' COOPERATIVA DI SOLIDARIETA' SOCIALE,PRIVATA,SI,9.4197378,45.6185129,POINT (9.4197378 45.6185129)
321,000271,CDI FONDAZIONE G. GEMELLARO ONLUS,"VIA XXV APRILE,32",015005,ALBAIRATE,20080,MI,34,34,690858,FONDAZIONE GIUSEPPE GEMELLARO ONLUS,03345430965,97146120155,"VIA XXV APRILE,32",015005,ALBAIRATE,MI,,PRIVATA,,8.9394482,45.4178669,POINT (8.9394482 45.4178669)
327,001978,"""CDI FONDAZIONE """"BENEFATTORI CREMASCHI""""""","VIA PLACIDO ZURLA,1",019035,CREMA,26013,CR,20,20,690690,FONDAZIONE BENEFATTORI CREMASCHI ONLUS,01319070197,01319070197,"VIA KENNEDY,2",019035,CREMA,CR,FONDAZIONE,PRIVATA,SI,9.6856744,45.365323,POINT (9.6856744 45.365323)
327,001881,C.D.I. VILLA MADDALENA,"VIA CESARE BATTISTI,17",020026,GOITO,46044,MN,15,15,690452,C.S.A. COOPERATIVA SERVIZI ASSISTENZIALI - SOCIETA' COOPERATIVA SOCIALE,01697440202,01697440202,"VIA GELSO,8",020030,MANTOVA,MN,SOCIETA' COOPERATIVA DI SOLIDARIETA' SOCIALE,PRIVATA,SI,10.66803,45.25649,POINT (10.66803 45.25649)
321,000528,CDI LEOPARDI,"VIA CESARE PASCARELLA,19",015146,MILANO,20157,MI,20,20,691731,EDOS SRL,09320650964,05831590962,"VIA BENEDETTO DA FOIANO,14",048017,FIRENZE,FI,SOCIETA' A RESPONSABILITA' LIMITATA CON UN UNICO SOCIO,PRIVATA,NO,9.1431281,45.5160146,POINT (9.1431281 45.5160146)
321,000666,"""CDI """"IL GIRASOLE""""""","VIA CAMILLO BENSO DI CAVOUR,21",015140,MELEGNANO,20077,MI,30,30,690409,FONDAZIONE CASTELLINI - ONLUS,03769650155,84507490153,"VIA CAMILLO BENSO DI CAVOUR,21",015140,MELEGNANO,MI,,PRIVATA,,9.3253777,45.3601758,POINT (9.3253777 45.3601758)
325,001337,CDI FONDAZIONE SANT'ANDREA,"VIA SAN DEFENDENTE,1",016077,CLUSONE,24023,BG,30,30,690757,FONDAZIONE SANT'ANDREA ONLUS,03215660162,03215660162,"VIA SAN DEFENDENTE,1",016077,CLUSONE,BG,,PRIVATA,,9.95353,45.89125,POINT (9.95353 45.89125)
322,000784,"""CDI """"CASA DON GUANELLA""""""","PIAZZA DON GUANELLA,43",012084,ISPRA,21027,VA,10,10,691166,PROVINCIA ITALIANA DELLA CONGREGAZIONE DEI SERVI DELLA CARITA' - OPERA DON GUANELLA,01084241007,02595400587,"VICOLO CLEMENTI,41",058091,ROMA,RM,,PRIVATA,,8.61252,45.81452,POINT (8.61252 45.81452)
328,002219,CDI ISTITUTO DI ASSISTENZA E CURA SANTA MARGHERITA,"VIA EMILIA,10/12",018110,PAVIA,27100,PV,30,30,690361,ISTITUZIONI ASSISTENZIALI RIUNITE DI PAVIA - AZIENDA DI SERVIZI ALLA PERSONA,02030350181,02030350181,"VIALE GIACOMO MATTEOTTI,63",018110,PAVIA,PV,AZIENDA DI SERVIZI ALLA PERSONA (ASP),PUBBLICA,NO,9.17344,45.19542,POINT (9.17344 45.19542)
321,000445,"CDI ""IL GELSO""","VIA MILANO,51",015243,VITTUONE,20009,MI,20,20,691788,AV VITTUONE S.R.L.,05944080968,05944080968,"VIA MANFREDO CAMPERIO,14",015146,MILANO,MI,,PRIVATA,,8.9497425,45.482419,POINT (8.9497425 45.482419)
323,000908,CDI FONDAZIONE DON G. FERRAGLIO,"VIA GIOVANNI FERRAGLIO,8",017101,MALONNO,25040,BS,15,15,690626,FONDAZIONE DON GIOVANNI FERRAGLIO MALONNO ONLUS,00656570983,01814460174,"VIA GIOVANNI FERRAGLIO,8",017101,MALONNO,BS,,PRIVATA,,10.31679,46.11964,POINT (10.31679 46.11964)
327,001974,CDI ROBECCO D'OGLIO,"VIA GIUSEPPE MAZZINI,31",019085,ROBECCO D'OGLIO,26010,CR,15,15,690539,FONDAZIONE CASA DI RIPOSO DI ROBECCO D'OGLIO ONLUS,01097920191,93029860199,"VIA GIUSEPPE MAZZINI, 31",019085,ROBECCO D'OGLIO,CR,FONDAZIONE,PRIVATA,NO,10.0801393,45.2575018,POINT (10.0801393 45.2575018)
327,098124,"CENTRO DIURNO PER ANZIANI DI ""CASA ROSANNA""","VIA GIUSEPPE GARIBALDI,6",020036,MONZAMBANO,46040,MN,10,10,690452,C.S.A. COOPERATIVA SERVIZI ASSISTENZIALI - SOCIETA' COOPERATIVA SOCIALE,01697440202,01697440202,"VIA GELSO,8",020030,MANTOVA,MN,SOCIETA' COOPERATIVA DI SOLIDARIETA' SOCIALE,PRIVATA,SI,10.6907475,45.3860559,POINT (10.6907475 45.3860559)
322,004757,CDI FONDAZIONE CENTRO ASSISTENZA ANZIANI GIULIO MORONI ONLUS,"VIA CARDINALE FERRARI,4",012042,CASTELLANZA,21053,VA,40,40,690676,FONDAZIONE CENTRO ASSISTENZA ANZIANI GIULIO MORONI,81009930124,81009930124,"VIA CARDINALE FERRARI,4",012042,CASTELLANZA,VA,,PRIVATA,,8.905,45.6111,POINT (8.905 45.6111)
321,000488,"C.D.I. FONDAZIONE CASA DI RIPOSO ""CITTA' DI ABBIATEGRASSO-ONLUS""","STRADA PER CASSINETTA DI LUGAGNANO,25",015002,ABBIATEGRASSO,20081,MI,40,30,690853,FONDAZIONE CASA DI RIPOSO CITTA' DI ABBIATEGRASSO ONLUS,09345870159,82000770154,"STRADA PER CASSINETTA DI LUGAGNANO,25",015002,ABBIATEGRASSO,MI,,PRIVATA,,8.90964,45.41295,POINT (8.90964 45.41295)
326,001570,CDI DON ANGELO COLOMBO,"VIA ROSE,1",017188,TRAVAGLIATO,25039,BS,15,15,690498,"FONDAZIONE ""DON ANGELO COLOMBO"" O.N.L.U.S.",01998380172,80019150178,"VIA ROSE,1",017188,TRAVAGLIATO,BS,FONDAZIONE,PRIVATA,NO,10.0769139,45.5278236,POINT (10.0769139 45.5278236)
324,001085,CDI LA ROSA D'ARGENTO,"VIA SAN CARLO,5",108038,RONCO BRIANTINO,20885,MB,30,20,692369,CODESS SOCIALE SOCIETA' COOPERATIVA SOCIALE,03174760276,03174760276,"VIA GIOVANNI BOCCACCIO,96",028060,PADOVA,PD,SOCIETA' COOPERATIVA DI SOLIDARIETA' SOCIALE,PRIVATA,SI,9.40227,45.66172,POINT (9.40227 45.66172)
325,001449,CDI NUOVA STRUTTURA,"VIA MONTE GLENO,49",016024,BERGAMO,24125,BG,30,30,690823,FONDAZIONE CASA DI RICOVERO SANTA MARIA AUSILIATRICE ONLUS,01066880160,80017150162,"VIA MONTE GLENO,49",016024,BERGAMO,BG,,PRIVATA,,9.70346,45.69755,POINT (9.70346 45.69755)
324,100209,UL MUROM,"VIA ALESSANDRO MANZONI,26",097016,CASATENOVO,23880,LC,15,15,691429,FONDAZIONE MARIA MONZINI ONLUS,01493170136,85000290131,"VIA ALESSANDRO MANZONI,26",097016,CASATENOVO,LC,FONDAZIONE,PRIVATA,SI,9.3101242,45.6983281,POINT (9.3101242 45.6983281)
326,001695,CDI C/O LA CASA DI RIPOSO B. BERTELLA,"VIA PARROCCHIALE,26",017168,SABBIO CHIESE,25070,BS,14,14,690550,COMUNE DI SABBIO CHIESE,00576260988,00735630170,"VIA CADUTI,1",017168,SABBIO CHIESE,BS,,PUBBLICA,,10.42018,45.65647,POINT (10.42018 45.65647)
326,001486,CDI C/O FONDAZIONE IRENE RUBINI FALK ONLUS,"VIA IRENE RUBINI FALCK,5",017204,VOBARNO,25079,BS,40,40,690464,FONDAZIONE IRENE RUBINI  FALCK ONLUS,00726650989,87002670179,"VIA IRENE RUBINI FALCK,5",017204,VOBARNO,BS,,PRIVATA,,10.49654,45.64436,POINT (10.49654 45.64436)
327,004784,CASA DI RIPOSO GIOVANNI E LUCIANA ARVEDI,"VIA ANGELO MASSAROTTI,49",019036,CREMONA,26100,CR,30,30,691831,FONDAZIONE LA PACE ONLUS,01590790190,93052420192,"VIA ANGELO MASSAROTTI, 49",019036,CREMONA,CR,FONDAZIONE,PRIVATA,NO,10.01205,45.13556,POINT (10.01205 45.13556)
326,001498,CDI C/O FOND. CENTRO SERVIZI PER ANZIANI C. DI R. MAGGI ONLUS,"VIA GUGLIELMO MARCONI,20",017045,CASTREZZATO,25030,BS,20,10,690768,FONDAZIONE CENTRO DI SERVIZI PER ANZIANI CASA DI RIPOSO MAGGI - ONLUS,00724820980,82003210174,"VIA GUGLIELMO MARCONI,20",017045,CASTREZZATO,BS,,PRIVATA,,9.9818891,45.5123509,POINT (9.9818891 45.5123509)
326,001653,CDI C/O FONDAZIONE CENTRO SERVIZI ASSISTENZIALI CAMI-ALBERINI ONLUS,"VIA ALBERINI,18",017080,GOTTOLENGO,25023,BS,10,10,690656,"FONDAZIONE ""CENTRO SERVIZI ASSISTENZIALI CAMI - ALBERINI"" ONLUS",01903970984,01903970984,"VIA ALBERINI,18",017080,GOTTOLENGO,BS,FONDAZIONE,PRIVATA,NO,10.27523,45.29209,POINT (10.27523 45.29209)
327,002002,CENTRO DIURNO INTEGRATO IL GELSO,VIA SANT'APOLLONIO,020015,CASTEL GOFFREDO,46042,MN,25,25,154952,IL GELSO S.R.L.,12156120011,12156120011,"VIA PRINCIPE TOMMASO,36",001272,TORINO,TO,,PRIVATA,,10.46431593,45.29450316,POINT (10.46431593 45.29450316)
326,001539,CDI C/O FONDAZIONE VILLA FIORI R.S.A-ONLUS,"VIA BELCOLLE,17",017117,NAVE,25075,BS,15,15,690581,"FONDAZIONE ""VILLA FIORI"" RSA ONLUS",01823600174,80014450177,"VIA BELCOLLE,17",017117,NAVE,BS,,PRIVATA,,10.2777,45.58761,POINT (10.2777 45.58761)
321,000057,CDI GIOLLI,"VIA RAFFAELLO GIOLLI,29",015146,MILANO,20162,MI,30,30,732585,SOCIOSFERA   ONLUS SOCIETA' COOPERATIVA SOCIALE,02796480966,10073520156,"VIA ANTONIO GRAMSCI,9",108039,SEREGNO,MB,,PRIVATA,,9.2107246,45.5268281,POINT (9.2107246 45.5268281)
325,001376,CDI C/O FONDAZIONE RSA VAGLIETTI CORSINI ETS,"VICOLO OSPEDALE,2",016079,COLOGNO AL SERIO,24055,BG,25,25,690760,FONDAZIONE RSA VAGLIETTI - CORSINI ONLUS,00781840160,84002530164,"VICOLO OSPEDALE,2",016079,COLOGNO AL SERIO,BG,,PRIVATA,,9.7085898,45.5805797,POINT (9.7085898 45.5805797)
321,000574,"""CDI C/O RSA """"ERMANNO DONATI""""""","VIA DON BALZARINI,51",015168,PARABIAGO,20015,MI,30,30,690570,COMUNE DI PARABIAGO,01059460152,01059460152,"PIAZZA DELLA VITTORIA,7",015168,PARABIAGO,MI,,PUBBLICA,,8.9315719,45.5534379,POINT (8.9315719 45.5534379)
324,001161,CDI SAN GIUSEPPE,"VIA FRATELLI CALVI,62",097013,CALOLZIOCORTE,23801,LC,30,30,690705,PARROCCHIA S. MARTINO VESCOVO CASA MADONNA DELLA FIDUCIA,00999300163,00999300163,"PIAZZA ARCIPRESBITERALE,3",097013,CALOLZIOCORTE,LC,,PRIVATA,,9.4388881,45.7967542,POINT (9.4388881 45.7967542)
322,002744,"""CDI C/O RSA """"CA' D'INDUSTRIA""""""","VIA GIUSEPPE BRAMBILLA,61",013075,COMO,22100,CO,25,25,690688,FONDAZIONE CA' D'INDUSTRIA O.N.L.U.S.,01793530138,80004470136,"VIA GIUSEPPE BRAMBILLA,61",013075,COMO,CO,,PRIVATA,,9.08899,45.81296,POINT (9.08899 45.81296)
321,000036,"""CDI """"SAN MARTINO""""""","VIA PIETRO NENNI,20",015221,TREZZO SULL'ADDA,20056,MI,30,30,690770,COOPERATIVA SOCIALE RIEDUCAZIONE MOTORIA ONLUS,08029590158,08029590158,"VIA TRENNO,41",015146,MILANO,MI,,PRIVATA,,9.50669,45.61402,POINT (9.50669 45.61402)
325,001303,CENTRO DIURNO INTEGRATO SERAFINO CUNI,"PIAZZA EUROPA,2",016240,VILLA DI SERIO,24020,BG,28,25,691767,FONDAZIONE CENTRO DIURNO INTEGRATO SERAFINO CUNI,03238830164,95149380164,"PIAZZA EUROPA,2",016240,VILLA DI SERIO,BG,,PRIVATA,,9.7323493,45.7193982,POINT (9.7323493 45.7193982)
321,004870,"CENTRO DIURNO INTEGRATO "" COTTOLENGO""","VIA SAN GIUSEPPE COTTOLENGO,1",015072,CERRO MAGGIORE,20023,MI,20,20,690640,PICCOLA CASA DIVINA PROVVIDENZA COTTOLENGO,01538340017,01538340017,"VIA SAN GIUSEPPE BENEDETTO COTTOLENGO,14",001272,TORINO,TO,,PRIVATA,,8.941105,45.593047,POINT (8.941105 45.593047)
326,001701,CDI C/O ISTITUTO PIETRO CADEO ONLUS,"VIALE PIETRO CADEO,13",017052,CHIARI,25032,BS,25,20,690778,ISTITUTO PIETRO CADEO ONLUS,00724380985,82000970176,"VIALE PIETRO CADEO,13",017052,CHIARI,BS,,PRIVATA,,9.9269997,45.5338702,POINT (9.9269997 45.5338702)
321,000280,VILLA SORMANI,"VIA DANTE ALIGHIERI,2",015074,CESANO BOSCONE,20090,MI,40,40,690776,FONDAZIONE ISTITUTO SACRA FAMIGLIA ONLUS,00795470152,03034530158,PIAZZA MONSIGNORE LUIGI MONETA 1,015074,CESANO BOSCONE,MI,FONDAZIONE,PRIVATA,NO,9.0927,45.44741,POINT (9.0927 45.44741)
328,002065,"""CDI """"FONDAZIONE ISTITUZIONI RIUNITE RSA SCUOLA MATERNA""""""","PIAZZA GUGLIELMO MARCONI,2",018088,MEDE,27035,PV,15,15,690667,ISTITUZIONI RIUNITE ETS,01505250181,82001450186,"PIAZZA GUGLIELMO MARCONI,2",018088,MEDE,PV,ENTE MORALE DI DIRITTO PRIVATO,PRIVATA,NO,8.7349234,45.0986347,POINT (8.7349234 45.0986347)
324,001084,CDI C/O RSA FONDAZIONE GIUSEPPINA  SCOLA ONLUS,"VIA CAMILLO BENSO CAVOUR,27",108008,BESANA IN BRIANZA,20842,MB,30,30,690828,FONDAZIONE G. SCOLA ONLUS,00985740968,83000310157,"VIA CAMILLO BENSO CAVOUR,27",108008,BESANA IN BRIANZA,MB,,PRIVATA,,9.29336,45.68374,POINT (9.29336 45.68374)
327,001867,"""CDI """"FONDAZIONE ELISABETTA GERMANI ONLUS""""""","VIA PIEVE GURATA,11",019031,CINGIA DE' BOTTI,26042,CR,40,40,690433,FONDAZIONE ELISABETTA GERMANI CENTRO SANITARIO ASSISTENZIALE - ONLUS,00709190193,80004310191,"VIA PIEVE GURATA,11",019031,CINGIA DE' BOTTI,CR,FONDAZIONE,PRIVATA,NO,10.2648,45.0844,POINT (10.2648 45.0844)
328,002196,"""CDI PRESSO RSA """"CASA DI RIPOSO""""""","VIA VITTORIO EMANUELE,1",018184,ZAVATTARELLO,27059,PV,10,10,123408,SERENI ORIZZONTI 1 SPA,02833470301,02833470301,"VIA VITTORIO VENETO,45",030129,UDINE,UD,,PRIVATA,,9.2644728,44.8659007,POINT (9.2644728 44.8659007)
326,001602,C.D.I C/O FONDAZIONE LE RONDINI CITTA' DI LUMEZZANE ONLUS,"VIA CAVALIERE DEL LAVORO UMBERTO GNUTTI,4",017096,LUMEZZANE,25065,BS,20,20,691127,FONDAZIONE LE RONDINI CITTA' DI LUMEZZANE ONLUS,03024390985,92013290173,"VIA CAVALIERE DEL LAVORO UMBERTO GNUTTI,4",017096,LUMEZZANE,BS,,PRIVATA,,10.25083,45.65213,POINT (10.25083 45.65213)
321,000393,CDI FONDAZIONE OPERE PIE RIUNITE DI CODOGNO,"VIA UGO BASSI,39",098019,CODOGNO,26845,LO,25,20,690679,FONDAZIONE OPERE PIE RIUNITE DI CODOGNO ONLUS,03780240960,03780240960,"VIA UGO BASSI,37/39",098019,CODOGNO,LO,FONDAZIONE,PRIVATA,NO,9.7091874,45.1575105,POINT (9.7091874 45.1575105)
327,001984,"""CDI """"SAN RICCARDO PAMPURI""""""","VIA CARLO VISMARA,10",019088,SAN BASSANO,26020,CR,29,29,690585,FONDAZIONE ISTITUTO CARLO VISMARA - GIOVANNI DE PETRI ONLUS,00408630192,83000090197,"VIA CARLO VISMARA,10",019088,SAN BASSANO,CR,FONDAZIONE,PRIVATA,SI,9.81196,45.24216,POINT (9.81196 45.24216)
326,001735,CDI DI GHEDI,"VIA DIECI GIORNATE,76",017078,GHEDI,25016,BS,10,10,690448,FONDAZIONE CASA DI RIPOSO DI GHEDI ONLUS,00851380170,80012290179,"VIA DIECI GIORNATE, 76",017078,GHEDI,BS,FONDAZIONE,PRIVATA,NO,10.26769,45.40654,POINT (10.26769 45.40654)
322,000783,CDI CASA DELL'OSPITALITA',"PIAZZALE FRATELLI KENNEDY,12",012133,VARESE,21100,VA,30,30,691743,COMUNE DI VARESE,00441340122,00441340122,"VIA LUIGI SACCO,4",012133,VARESE,VA,,PUBBLICA,,8.83348153,45.81792285,POINT (8.83348153 45.81792285)
325,001228,CDI SAN DONATO,"VIA CAMILLO BENSO DI CAVOUR,6/A",016153,OSIO SOTTO,24046,BG,40,40,690238,SAN DONATO SRL,03084250160,03084250160,"VIA CAMILLO BENSO DI CAVOUR,6/A",016153,OSIO SOTTO,BG,,PRIVATA,,9.5936939,45.6173761,POINT (9.5936939 45.6173761)
325,001373,CDI MARIA LUISA GUERINONI,"PIAZZA VITTORIO VENETO,3",016093,ENDINE GAIANO,24060,BG,25,25,692294,COOPERATIVA SOCIALE P.A.E.S.E. ONLUS,02289620169,95048590160,"VIA LEVADELLO,8/A",017133,PALAZZOLO SULL'OGLIO,BS,,PRIVATA,,9.97255,45.7924,POINT (9.97255 45.7924)
322,002835,CDI C/O RSA DON A. POZZOLI,"VIA ROMA,4",013042,CANZO,22035,CO,20,20,690803,"""FONDAZIONE R.S.A. """"DON A. POZZOLI"""" ONLUS""",00643020134,00643020134,"VIA ROMA,4",013042,CANZO,CO,,PRIVATA,,9.2725512,45.8497106,POINT (9.2725512 45.8497106)
327,004724,CENTRO DIURNO INTEGRATO LUIGI BONI,"VIALE LUIGI CADORNA,4",020065,SUZZARA,46029,MN,23,23,690557,FONDAZIONE LUIGI BONI ONLUS,01571920204,82002170205,"VIALE LUIGI CADORNA,4",020065,SUZZARA,MN,,PRIVATA,,10.7435041,44.9879518,POINT (10.7435041 44.9879518)
321,000091,CDI IL GIRASOLE,"VIALE ALEXANDER FLEMING,2/4",098010,CASALPUSTERLENGO,26841,LO,40,40,691090,AZIENDA SPECIALE DI SERVIZI CASALPUSTERLENGO (RSA ANGELICA VITTADINI TERZAGHI),11824270158,11824270158,"VIALE ALEXANDER FLEMING,2",098010,CASALPUSTERLENGO,LO,,PUBBLICA,,9.6502931,45.16923961,POINT (9.6502931 45.16923961)
327,001906,CENTRO DIURNO INTEGRATO DI ASOLA,"STRADA I,SNC",020002,ASOLA,46041,MN,20,20,690846,FONDAZIONE CASA DI RIPOSO DI ASOLA O.N.L.U.S. CENTRO SERVIZI PER GLI ANZIANI NON AUTOSUFFICIENTI E PER LE PERSONE IN DIFFICOLTA',01378680209,81000830208,"VIA PARMA,14",020002,ASOLA,MN,,PRIVATA,,10.4191575,45.219146,POINT (10.4191575 45.219146)
323,000909,CDI FONDAZIONE NINJ BECCAGUTTI ESINE,"VIA CHIOSI,3/B",017070,ESINE,25040,BS,5,5,691341,FONDAZIONE ONLUS NINJ BECCAGUTTI,01857970980,81003470176,"VIA CHIOSI,3 B",017070,ESINE,BS,,PRIVATA,,10.2539536,45.923876,POINT (10.2539536 45.923876)
321,000236,"""CDI """"EIN KAREM""""""","VIA GADAMES,47",015166,PADERNO DUGNANO,20037,MI,40,40,691755,CAF DUE SOCIETA' COOPERATIVA SOCIALE - ONLUS,00880010962,07950790159,"VIA GADAMES,47",015166,PADERNO DUGNANO,MI,SOCIETA' COOPERATIVA DI SOLIDARIETA' SOCIALE,PRIVATA,SI,9.15852,45.55685,POINT (9.15852 45.55685)
324,003571,CDI CENTRO DIURNO ALZHEIMER CASCINA SAN PAOLO,"VIA DELLA GALLARANA,48",108033,MONZA,20900,MB,30,30,691746,COOPERATIVA SOCIALE NUOVO SOLCO - ONLUS,02945000962,02945000962,"VIA MOLISE,13",108033,MONZA,MB,,PRIVATA,,9.29783,45.58654,POINT (9.29783 45.58654)
328,002159,"""CDI """"FONDAZIONE MARZOTTO""""""","VIA LOMELLINA,52",018102,MORTARA,27036,PV,10,10,690606,FONDAZIONE MARZOTTO,00168200244,85000690249,"VIA GAETANO MARZOTTO,3",024111,VALDAGNO,VI,,PRIVATA,,8.74428,45.24655,POINT (8.74428 45.24655)
326,001709,CDI C/O LA RSA CASA DI SOGGIORNO PER ANZIANI,"VIA SONVIGO,22",017014,BEDIZZOLE,25081,BS,20,20,690491,FONDAZIONE CASA DI SOGGIORNO PER ANZIANI - ONLUS,00804850980,84001410178,"VIA SONVIGO,22",017014,BEDIZZOLE,BS,,PRIVATA,,10.4316265,45.5094289,POINT (10.4316265 45.5094289)
322,000744,"CDI ""IL CENTRO S.R.L. IMPRESA SOCIALE""","VIA I MAGGIO,10",012096,MALNATE,21046,VA,25,25,157092,IL CENTRO S.R.L. - IMPRESA SOCIALE,03727870127,03727870127,"VIA I MAGGIO,10",012096,MALNATE,VA,,PRIVATA,,8.88172,45.80235,POINT (8.88172 45.80235)
328,002172,CDI PII ISTITUTI UNIFICATI,"PIAZZALE MONSIGNOR BATTISTA CLERICI,6",018013,BELGIOIOSO,27011,PV,40,40,690492,PII ISTITUTI UNIFICATI,00478980188,00478980188,"PIAZZALE MONSIGNOR BATTISTA CLERICI,6",018013,BELGIOIOSO,PV,ENTE MORALE DI DIRITTO PRIVATO,PRIVATA,NO,9.31378999,45.15674,POINT (9.31378999 45.15674)
323,000945,CDI FONDAZIONE ANGELO MAJ ETS,"VIA GALILEO GALILEI,16",017065,DARFO BOARIO TERME,25047,BS,25,25,691324,RESIDENZA ANGELO MAJ FONDAZIONE ONLUS,00723500989,81001070176,"VIA GALILEO GALILEI, 16",017065,DARFO BOARIO TERME,BS,FONDAZIONE,PRIVATA,NO,10.1815269,45.892935,POINT (10.1815269 45.892935)
321,004725,CDI CASCINA DEL RONCO,"VIA VIGNA DEL RONCO,SNC",015169,PAULLO,20067,MI,30,30,690770,COOPERATIVA SOCIALE RIEDUCAZIONE MOTORIA ONLUS,08029590158,08029590158,"VIA TRENNO,41",015146,MILANO,MI,,PRIVATA,,9.3996027,45.419655,POINT (9.3996027 45.419655)
323,000946,CDI FONDAZIONE GIOVANNINA RIZZIERI ETS,"VIA NAZIONALE,45",017206,PIANCOGNO,25052,BS,15,20,690574,FONDAZIONE GIOVANNINA RIZZIERI ONLUS,00723890984,81005270178,"VIA NAZIONALE,45",017206,PIANCOGNO,BS,FONDAZIONE,PRIVATA,NO,10.2195423,45.9171875,POINT (10.2195423 45.9171875)
324,001132,CDI IL SOLE,"VIA LIPARI,7",108033,MONZA,20900,MB,20,20,690602,FONDAZIONE DON ANGELO BELLANI - ONLUS,00987520962,85005130159,"VIA LIPARI,7",108033,MONZA,MB,,PRIVATA,,9.25049,45.57143,POINT (9.25049 45.57143)
327,001945,"""CDI """"FIORELLA""""""","VIA GIOVANNI ROMANI,52",019021,CASALMAGGIORE,26041,CR,25,25,690459,FONDAZIONE CONTE CARLO BUSI ONLUS,01322210194,01322210194,"VIA ALDO FORMIS, 4",019021,CASALMAGGIORE,CR,FONDAZIONE,PRIVATA,NO,10.415348,44.9909392,POINT (10.415348 44.9909392)
321,000529,CDI DI BUCCINASCO,"VIALE LOMELLINA,10/2",015036,BUCCINASCO,20090,MI,40,40,691786,COMUNE DI BUCCINASCO,03482920158,03482920158,"VIA ROMA,2",015036,BUCCINASCO,MI,,PUBBLICA,,9.1211614,45.4190302,POINT (9.1211614 45.4190302)
327,001956,CDI C/O OSPEDALE DELLA CARITA',"VIA GUGLIELMO MARCONI,1",019016,CASALBUTTANO ED UNITI,26011,CR,30,30,690683,FONDAZIONE OSPEDALE DELLA CARITA ONLUS,00871140190,83000810198,"VIA GUGLIELMO MARCONI,1",019016,CASALBUTTANO ED UNITI,CR,,PRIVATA,,9.9625284,45.2484418,POINT (9.9625284 45.2484418)
326,093023,MARIA ANTONIETTA MARINI,"VIA UMBERTO I,103",017072,FLERO,25020,BS,25,25,731734,LA RONDINE - SOCIETA' COOPERATIVA SOCIALE ONLUS,01486880170,01486880170,"VIALE GIUSEPPE MAZZINI,85",017107,MAZZANO,BS,,PRIVATA,,10.1737189,45.4840388,POINT (10.1737189 45.4840388)
322,000833,PINETA,"VIA MONTE NEVOSO,12",012127,TRADATE,21049,VA,25,25,691715,PRO.GES. - SOCIETA' COOPERATIVA SOCIALE,01534890346,01534890346,"VIA COLORNO,63",034027,PARMA,PR,,PRIVATA,,8.8991536,45.721693,POINT (8.8991536 45.721693)
328,002171,"""CDI PRESSO RSA """"ISTITUTO DE RODOLFI""""""","VIA BRAMANTE,4",018177,VIGEVANO,27029,PV,40,40,691720,AZIENDA SPECIALE MULTISERVIZI VIGEVANO,01968970184,01968970184,"VIA BRAMANTE,4",018177,VIGEVANO,PV,,PUBBLICA,,8.84895259,45.31507283,POINT (8.84895259 45.31507283)
327,001838,CDI CASTELVERDE,"VIA MONSIGNORE PIETRO GARDINALI,15",019026,CASTELVERDE,26022,CR,12,12,690765,FONDAZIONE OPERA PIA SANTISSIMO REDENTORE - ONLUS,00867950198,80004230191,"VIA MONSIGNORE PIETRO GARDINALI,15",019026,CASTELVERDE,CR,,PRIVATA,,9.9961439,45.1877113,POINT (9.9961439 45.1877113)
321,000497,IL NAVIGLIO,"VIA ALZAIA TRENTO,1",015093,CORSICO,20094,MI,40,40,137308,GRUPPO GHERON SRL,01574550339,01574550339,"VIA ARCHIMEDE,57",015146,MILANO,MI,,PRIVATA,,9.120323,45.437482,POINT (9.120323 45.437482)
327,001976,CDI GIUSEPPE BONIZZI E VIRGINIA GUASCONI,"VIA DE' MARCHESCHI,9",019097,SONCINO,26029,CR,25,25,690516,FONDAZIONE R.S.A. DI SONCINO ONLUS,00923770192,83001010194,"LARGO CAPRETTI,2",019097,SONCINO,CR,,PRIVATA,,9.87433,45.39872,POINT (9.87433 45.39872)
326,001677,CDI C/O LA CASA DI RIPOSO PER ANZIANI DI BOTTICINO ONLUS,"VIA TITO SPERI,105",017023,BOTTICINO,25082,BS,15,15,690810,FONDAZIONE CASA DI RIPOSO PER ANZIANI DI BOTTICINO ONLUS,01790140170,80048980173,"VIA TITO SPERI,105",017023,BOTTICINO,BS,,PRIVATA,,10.3052448,45.5354147,POINT (10.3052448 45.5354147)
323,000959,"""CDI LA RONDINE""","VIA DEL LANICO,2",017100,MALEGNO,25053,BS,15,15,691784,PIA FONDAZIONE DI VALLECAMONICA ONLUS,01594690982,81002310175,"VIA DEL LANICO,2",017100,MALEGNO,BS,,PRIVATA,,10.27718,45.94589,POINT (10.27718 45.94589)
328,002010,CDI ASP CARLO PEZZANI,"VIALE DELLA REPUBBLICA,86",018182,VOGHERA,27058,PV,30,30,691447,A.S.P. CARLO PEZZANI,00990490187,86000150184,"VIALE DELLA REPUBBLICA,86",018182,VOGHERA,PV,,PUBBLICA,,9.0086207,44.9845356,POINT (9.0086207 44.9845356)
321,000635,CDI RESIDENZA DEL SOLE,"VIA GIAN LORENZO BERNINI,14",015077,CINISELLO BALSAMO,20092,MI,40,40,691836,RESIDENZE DEL SOLE CONSORZIO SOCIALE SOC. COOP.,08588070964,08588070964,"VIA GIAN LORENZO BERNINI,14",015077,CINISELLO BALSAMO,MI,CONSORZIO DI COOPERATIVE SOCIALI,PRIVATA,SI,9.2048868,45.5679284,POINT (9.2048868 45.5679284)
322,002869,"""CDI C/O RSA """"PORTA SPINOLA""""""","VIA SANTO STEFANO,28",013143,MARIANO COMENSE,22066,CO,25,25,690609,FONDAZIONE PORTA SPINOLA,02418440133,81008470130,"VIA SANTO STEFANO,28",013143,MARIANO COMENSE,CO,,PRIVATA,,9.176879,45.6968546,POINT (9.176879 45.6968546)
322,002773,PAPA GIOVANNI XXIII,"PIAZZA ALESSANDRO VOLTA,27",013227,TURATE,22078,CO,20,20,690471,SAN GIACOMO S.R.L.,02644040137,02644040137,"VIA ACCADEMIA,48",015146,MILANO,MI,,PRIVATA,,9.0019658,45.6546688,POINT (9.0019658 45.6546688)
321,000077,"""CDI C/O RSA """"MADRE TERESA DI CALCUTTA""""""","VIA CAMILLO BENSO CAVOUR,66",015151,MOTTA VISCONTI,20086,MI,15,15,690672,KCS CAREGIVER COOPERATIVA SOCIALE,02125100160,02125100160,"ROTONDA DEI MILLE,1",016024,BERGAMO,BG,,PRIVATA,,8.99953363,45.29012228,POINT (8.99953363 45.29012228)
327,001796,CDI C/O CASA DI RIPOSO ANTONIO ZUCCHI - MARIA FALCINA,"VIA ANTONIO GRAMSCI,7",019098,SORESINA,26015,CR,40,40,137308,GRUPPO GHERON SRL,01574550339,01574550339,"VIA ARCHIMEDE,57",015146,MILANO,MI,,PRIVATA,,9.8545901,45.2900083,POINT (9.8545901 45.2900083)
326,001687,CDI FONDAZIONE ONLUS LONGINI-MORELLI-SIRONI DI PRALBOINO,"VIA MORELLI,10",017152,PRALBOINO,25020,BS,20,20,690616,FONDAZIONE ONLUS LONGINI MORELLI DI PRALBOINO,00621130988,88003570178,"VIA MORELLI,10",017152,PRALBOINO,BS,,PRIVATA,,10.21852,45.26634,POINT (10.21852 45.26634)
326,001499,CDI PIETRO CONTARELLI,"VIA FRANCESCO ZANE,10",017170,SALO',25087,BS,40,40,690584,FONDAZIONE CITTA' DI  SALO',00726460983,87000750171,"VIA FRANCESCO ZANE,10",017170,SALO',BS,FONDAZIONE,PRIVATA,NO,10.5159987,45.6045504,POINT (10.5159987 45.6045504)
321,097938,CENTRO DIURNO INTEGRATO JULIUS CLINIC,"VIA ANTONIO STOPPANI,36",015146,MILANO,20129,MI,30,30,131249,JULIUS CLINIC S.R.L.,06477120155,06477120155,"VIA ANTONIO STOPPANI, 36",015146,MILANO,MI,SOCIETA' A RESPONSABILITA' LIMITATA,PRIVATA,NO,9.2158337,45.4739447,POINT (9.2158337 45.4739447)
328,002042,"""CDI """"SAN GIUSEPPE""""""","VIA SAN SEBASTIANO,5",018113,PIEVE DEL CAIRO,27037,PV,15,15,732588,ALE.MAR. COOPERATIVA SOCIALE ONLUS,01956990186,01956990186,"VIA ROCCA VECCHIA,1",018177,VIGEVANO,PV,SOCIETA' COOPERATIVA DI SOLIDARIETA' SOCIALE,PRIVATA,SI,8.80657,45.05322,POINT (8.80657 45.05322)
326,001609,CDI GIANCARLO SERIOLI,"VIA SANTUARIO,3",017161,REZZATO,25086,BS,16,16,690623,"""AZIENDA SPECIALE """"EVARISTO ALMICI""""""",02416190987,02416190987,"VIA SANTUARIO,3",017161,REZZATO,BS,AZIENDA SPECIALE DI ENTE LOCALE,PUBBLICA,NO,10.3125365,45.5174445,POINT (10.3125365 45.5174445)
322,002864,"""CDI """"AZIENDA SPECIALE CONSORTILE CASA ANZIANI INTERCOMUNALE""""""","VIA SOMAZZO,7",013256,UGGIATE CON RONAGO,22029,CO,30,30,690473,AZIENDA SPECIALE CONSORTILE CASA ANZIANI INTERCOMUNALE,01750930131,01750930131,"VIA SOMAZZO,7",013256,UGGIATE CON RONAGO,CO,AZIENDA SPECIALE DI ENTE LOCALE,PUBBLICA,NO,8.9596728,45.8261598,POINT (8.9596728 45.8261598)
328,002157,"""CDI """"RSA DI STRADELLA""""""","VIA CARLO ACHILLI,1",018153,STRADELLA,27049,PV,20,20,138348,BRONI STRADELLA PUBBLICA SRL,02419480187,02419480187,"VIA CAMILLO BENSO CAVOUR,28",018153,STRADELLA,PV,,PRIVATA,,9.2875894,45.0767675,POINT (9.2875894 45.0767675)
326,001753,CDI C/O LA RSA TILDE E LUIGI COLOSIO,"VIA BILINE,74/76-LOC.DELTA",017163,RODENGO SAIANO,25050,BS,15,15,690540,GENESI IMPRESA SOCIALE SOCIETA' COOPERATIVA SOCIALE ONLUS,03480310170,03480310170,"VIA BILINE,74/76",017163,RODENGO SAIANO,BS,,PRIVATA,,10.0987556,45.6000324,POINT (10.0987556 45.6000324)
324,001016,CDI  FONDAZIONE CASA FAMIGLIA SAN GIUSEPPE ONLUS,"VIA GENERALE ANTONIO CANTORE,7",108050,VIMERCATE,20871,MB,30,30,690463,FONDAZIONE CASA FAMIGLIA SAN GIUSEPPE - ONLUS,00988290961,87000410156,"VIA GENERALE ANTONIO CANTORE,7",108050,VIMERCATE,MB,,PRIVATA,,9.3824,45.6223,POINT (9.3824 45.6223)
325,001229,CDI C/O FONDAZIONE HONEGGER,"VIA CAPPUCCINI,10",016004,ALBINO,24021,BG,38,38,690723,FONDAZIONE HONEGGER R.S.A.,01724950165,80025590169,"VIA CAPPUCCINI,10",016004,ALBINO,BG,FONDAZIONE,PRIVATA,SI,9.7889304,45.7597433,POINT (9.7889304 45.7597433)
326,001491,FONDAZIONE RESIDENZA BERARDI MANZONI ONLUS,"VIA SAN BERNARDINO,63/B",017165,RONCADELLE,25030,BS,15,15,690545,FONDAZIONE RESIDENZA BERARDI MANZONI ONLUS,01427710171,80011870179,"VIA SAN BERNARDINO,63/B",017165,RONCADELLE,BS,FONDAZIONE,PRIVATA,NO,10.14672,45.5296,POINT (10.14672 45.5296)
321,000279,"""CDI C/O RSA """"CASA FAMIGLIA DI VILLA CORTESE""""""","VIA SAN GRATO,29",015248,VILLA CORTESE,20035,MI,30,30,690791,SODALITAS SOCIETA' COOPERATIVA A RESPONSABILITA' LIMITATA,10068220150,10068220150,"VIA GIOVANNI MARRADI,1",015146,MILANO,MI,SOCIETA' COOPERATIVA DI SOLIDARIETA' SOCIALE,PRIVATA,SI,8.8861274,45.5690202,POINT (8.8861274 45.5690202)
327,001800,"""CDI """"BARBIERI""""""","VIA XI FEBBRAIO,58/60",019036,CREMONA,26100,CR,40,40,690876,AZIENDA SPECIALE COMUNALE CREMONA SOLIDALE,01310740194,93042130190,"VIA BRESCIA,207",019036,CREMONA,CR,,PUBBLICA,,10.02889,45.1312,POINT (10.02889 45.1312)
327,001913,CENTRO DIURNO INTEGRATO I GIRASOLI,"VIA ERSILIO PINI,1",020071,BORGO VIRGILIO,46034,MN,10,10,691118,I GIRASOLI S.P.A.,01799680358,01799680358,"VIA DANUBIO,19",035033,REGGIO NELL'EMILIA,RE,,PRIVATA,,10.78602,45.12012,POINT (10.78602 45.12012)
322,002819,CDI C/O RSA CASA ALBERGO PER PERSONE ANZIANE,"VIA DEL LAGHETTO,9",013133,LOMAZZO,22074,CO,10,10,152072,FONDAZIONE CASE DI RIPOSO RIUNITE DI BREGNANO E LOMAZZO ONLUS,03850460134,03850460134,"VIA DEL LAGHETTO,9",013133,LOMAZZO,CO,,PRIVATA,,9.0292081,45.7058653,POINT (9.0292081 45.7058653)
321,000303,CDI DOTT. LUIGI BONOMI,"VIA IV NOVEMBRE,SNC",098056,TAVAZZANO CON VILLAVESCO,26838,LO,20,20,117946,ASP BASSO LODIGIANO,90519590153,90519590153,"VIALE LUIGI GANDOLFI,27/33",098019,CODOGNO,LO,,PUBBLICA,,9.406046,45.330688,POINT (9.406046 45.330688)
328,002163,"""CDI """"FONDAZIONE CONTE FRANCO CELLA DI RIVARA""""""","VIA EMILIA,328",018024,BRONI,27043,PV,30,30,690840,FONDAZIONE CONTE FRANCO CELLA DI RIVARA ONLUS,01331740181,84003740184,"VIA EMILIA,328",018024,BRONI,PV,FONDAZIONE,PRIVATA,NO,9.26485,45.06539,POINT (9.26485 45.06539)
322,000891,CDI FONDAZIONE F.LLI PAOLO E TITO MOLINA ONLUS,"VIALE LUIGI BORRI,133",012133,VARESE,21100,VA,25,25,691019,FONDAZIONE FRATELLI PAOLO E TITO MOLINA - ONLUS,00404960122,00404960122,"VIALE LUIGI BORRI,133",012133,VARESE,VA,FONDAZIONE,PRIVATA,NO,8.84291,45.80075,POINT (8.84291 45.80075)
321,000019,"CENTRO DIURNO INTEGRATO ""GLI OLEANDRI""","VIA GIORGIO AMENDOLA,20/A",015189,ROZZANO,20089,MI,20,20,113045,TERRANOVA S.R.L.,07640860966,07640860966,"VIA LARGA,8",015146,MILANO,MI,,PRIVATA,,9.1480044,45.3787456,POINT (9.1480044 45.3787456)
321,000484,CDI SIMONE DE' BEAUVOIR,"VIA GIOVANNI MARIA BICETTI DE' BUTTINONI,15",015146,MILANO,20156,MI,21,21,733644,EQUA COOPERATIVA SOCIALE,12481880156,12481880156,"VIA GIOVANNI MARIA BICETTI DE' BUTTINONI,15",015146,MILANO,MI,,PRIVATA,,9.1419606,45.5025495,POINT (9.1419606 45.5025495)
325,001302,CDI FONDAZIONE GIOVANNI CARLO ROTA,"VIA DELLA REPUBBLICA,1",016007,ALMENNO SAN SALVATORE,24031,BG,30,30,690861,FONDAZIONE GIOVANNI CARLO ROTA ONLUS,00401430160,00401430160,"VIA DELLA REPUBBLICA,1",016007,ALMENNO SAN SALVATORE,BG,,PRIVATA,,9.6005297,45.7510529,POINT (9.6005297 45.7510529)
326,001540,C.D.I FONDAZIONE CASA DI RIPOSO S.GIOVANNI ONLUS,"VIA TORRAZZO,9",017024,BOVEGNO,25061,BS,12,12,690811,FONDAZIONE CASA DI RIPOSO S. GIOVANNI ONLUS,01541600985,83002510176,"VIA TORRAZZO,9",017024,BOVEGNO,BS,,PRIVATA,,10.2718044,45.7920178,POINT (10.2718044 45.7920178)
325,001336,CENTRO DIURNO INTEGRATO PER ANZIANI,"VIA PAPA GIOVANNI XXIII,4",016038,BREMBATE DI SOPRA,24030,BG,20,20,112244,FONDAZIONE CASA SERENA ONLUS,04008150163,04008150163,"VIA PAPA GIOVANNI XXIII,4",016038,BREMBATE DI SOPRA,BG,,PRIVATA,,9.5841708,45.7199006,POINT (9.5841708 45.7199006)
324,001174,STEFANIA INVERNIZZI,"VIA MANTOVA,8",108034,MUGGIO',20835,MB,40,40,690603,LA MERIDIANA SOCIETA' COOPERATIVA SOCIALE,02322460961,08400690155,"VIALE CESARE BATTISTI,86",108033,MONZA,MB,,PRIVATA,,9.2303466,45.5841397,POINT (9.2303466 45.5841397)
321,000618,SAN ROCCO,"VIA MONVISO,87",015205,SEGRATE,20054,MI,12,12,691497,KOS CARE S.R.L.,01148190547,01148190547,"VIA DURINI,9",015146,MILANO,MI,SOCIETA' A RESPONSABILITA' LIMITATA,PRIVATA,NO,9.2951132,45.5072533,POINT (9.2951132 45.5072533)
327,001820,CENTRO DIURNO INTEGRATO FONDAZIONE CONTESSA RIZZINI ONLUS,"VICOLO VOLTO,16",020028,GUIDIZZOLO,46040,MN,20,20,691318,FONDAZIONE CONTESSA  RIZZINI ONLUS,01334910203,81000190207,"VICOLO VOLTO,16",020028,GUIDIZZOLO,MN,,PRIVATA,,10.5795636,45.3171997,POINT (10.5795636 45.3171997)
324,001126,CDI ARCOBALENO,"CORSO ITALIA,66",108023,DESIO,20832,MB,24,24,731788,CONSORZIO DESIO BRIANZA - AZIENDA SPECIALE CONSORTILE,00988950960,91005610158,"VIA LOMBARDIA,59",108023,DESIO,MB,,PUBBLICA,,9.20839,45.61934,POINT (9.20839 45.61934)
322,000892,CDI PAOLO ALBE',"VIA ENRICO TOTI,5",012078,GORLA MAGGIORE,21050,VA,40,40,691745,GORLA SERVIZI S.R.L.,02864390121,02864390121,"VIA ENRICO TOTI,40729",012078,GORLA MAGGIORE,VA,SOCIETA' A RESPONSABILITA' LIMITATA CON UN UNICO SOCIO,PRIVATA,NO,8.8920332,45.6620613,POINT (8.8920332 45.6620613)
321,000343,CENTRO DIURNO INTEGRATO PINDARO 44,"VIA PINDARO,44",015146,MILANO,20128,MI,30,30,690801,ANTEO COOPERATIVA SOCIALE ONLUS,01758780025,01758780025,VIA FELICE PIACENZA 11,096004,BIELLA,BI,SOCIETA' COOPERATIVA A RESPONSABILITA' LIMITATA,PRIVATA,NO,9.2303567,45.5167362,POINT (9.2303567 45.5167362)
322,002742,"""CDI C/O RSA """"G. PRINA""""""","PIAZZA GIUSEPPINA PRINA,1",013095,ERBA,22036,CO,40,40,691368,FONDAZIONE GIUSEPPINA PRINA - ONLUS,01224400133,82003210133,PIAZZA GIUSEPPINA PRINA 1,013095,ERBA,CO,FONDAZIONE,PRIVATA,NO,9.2230927,45.8107059,POINT (9.2230927 45.8107059)
322,002839,OPERA PIA ROSCIO ETS,"VIA LANDOLFO DA CARCANO,5",013003,ALBAVILLA,22031,CO,20,20,690859,OPERA PIA ROSCIO ONLUS,01380320133,82002480133,"VIA ROSCIO,16",013003,ALBAVILLA,CO,ENTE MORALE DI DIRITTO PRIVATO,PRIVATA,NO,9.1956,45.80258,POINT (9.1956 45.80258)
321,000302,CDI SANTA FRANCESCA CABRINI,"VIA COGOZZO,12",098050,SANT'ANGELO LODIGIANO,26866,LO,30,30,690591,FONDAZIONE MADRE CABRINI - ONLUS,04712690967,92544370155,"VIA COGOZZO,12",098050,SANT'ANGELO LODIGIANO,LO,FONDAZIONE,PRIVATA,SI,9.40059714,45.23531807,POINT (9.40059714 45.23531807)
325,001448,CDI FONDAZIONE I.P.S. CARD. GUSMINI ETS,"VIA SAN CARLO,30",016234,VERTOVA,24029,BG,23,23,690486,FONDAZIONE ISTITUTO POLIFUNZIONALE SOCIO-SANITARIO CARD. G. GUSMINI ONLUS,01824750168,81001730167,"VIA SAN CARLO,30",016234,VERTOVA,BG,,PRIVATA,,9.84986,45.80666,POINT (9.84986 45.80666)
321,000056,CDI I DELFINI,"VIA TRACIA,2",015146,MILANO,20148,MI,14,14,732575,PALOMA 2000 COOPERATIVA SOCIALE ARL,12370860152,12370860152,"VIALE TUNISIA,10",015146,MILANO,MI,,PRIVATA,,9.1357758,45.4718577,POINT (9.1357758 45.4718577)
323,000968,"""CDI """"SANTA MARIA DELLA NEVE""""""","VIA GIROLAMO ROMANINO,18",017143,PISOGNE,25055,BS,30,30,690577,FONDAZIONE ONLUS SANTA MARIA DELLE NEVE,01375920178,80046980175,"VIA GIROLAMO ROMANINO,18",017143,PISOGNE,BS,,PRIVATA,,10.11118,45.80684,POINT (10.11118 45.80684)
326,001632,CDI C/O FOND. ANGELO PASSERINI CASA DI RIPOSO VALSABBINA ONLUS,"VIA ANGELO PASSERINI,8",017197,VESTONE,25078,BS,30,30,690691,FONDAZIONE ANGELO PASSERINI - CASA DI RIPOSO VALSABBINA - ONLUS,01671590980,87000610177,"VIA ANGELO PASSERINI,8",017197,VESTONE,BS,,PRIVATA,,10.3864256,45.7038622,POINT (10.3864256 45.7038622)
323,000949,CDI MONS. GIACOMO CARETTONI ETS,"VIA ROMA,100",017148,PONTE DI LEGNO,25056,BS,15,15,690611,FONDAZIONE MONS. GIACOMO CARETTONI ONLUS,02502600980,81003050176,"VIA ROMA,100",017148,PONTE DI LEGNO,BS,,PRIVATA,,10.49772,46.25533,POINT (10.49772 46.25533)
326,019121,CENTRO DIURNO INTEGRATO DON MARIO PASINI,"VIA MONTE GRAPPA,105",017127,OSPITALETTO,25035,BS,25,25,690561,FONDAZIONE SERLINI ONLUS - R.S.A. E CENTRO MULTISERVIZI ANZIANI,01738780178,80019030172,"VIA MONTE GRAPPA,101",017127,OSPITALETTO,BS,,PRIVATA,,10.0784,45.56106,POINT (10.0784 45.56106)
324,001111,CDI KAROL WOJTYLA,"VIA MONTE GRAPPA,40",108027,LIMBIATE,20812,MB,40,40,692126,COMUNE DI LIMBIATE,00986290963,83005620154,"VIA MONTE BIANCO,2",108027,LIMBIATE,MB,,PUBBLICA,,9.12569,45.61499,POINT (9.12569 45.61499)
327,001968,CENTRO DIURNO INTEGRATO UNITA' GERIATRICA RIABILITATIVA ONLUS,"VIA DANTE ALIGHIERI,41",020021,CURTATONE,46010,MN,15,15,690747,UNITA' GERIATRICA RIABILITATIVA ONLUS,01541030209,01541030209,"VIA DANTE ALIGHIERI,41",020021,CURTATONE,MN,,PRIVATA,,10.74054,45.1367107,POINT (10.74054 45.1367107)
321,000087,"""CDI """"FAGGIO ROSSO""""""","VIA GIACOMO ANTONINI,3",015146,MILANO,20141,MI,30,30,690419,LA PICCOLA CASA DEL RIFUGIO,08634020153,80070250156,"VIA GIACOMO ANTONINI,3",015146,MILANO,MI,,PRIVATA,,9.1892325,45.4374343,POINT (9.1892325 45.4374343)
327,001845,CENTRO DIURNO INTEGRATO,"VIA ISIDORO CAPPI,34",020042,POGGIO RUSCO,46025,MN,12,12,691763,COMUNE DI POGGIO RUSCO,00402030209,00402030209,"PIAZZA I MAGGIO,5",020042,POGGIO RUSCO,MN,,PUBBLICA,,11.1229084,44.9762548,POINT (11.1229084 44.9762548)
321,000538,CDI OPERA PIA COLLEONI,"VIA BARTOLOMEO COLLEONI,5",015062,CASTANO PRIMO,20022,MI,40,40,691203,OPERA PIA FRANCESCA COLLEONI DE MAESTRI - IMPRESA SOCIALE,03690110154,03690110154,"VIA BARTOLOMEO COLLEONI,5",015062,CASTANO PRIMO,MI,,PRIVATA,,8.77332,45.55206,POINT (8.77332 45.55206)
327,001958,"CDI ""SOLDI""","VIA BRESCIA,207",019036,CREMONA,26100,CR,40,40,690876,AZIENDA SPECIALE COMUNALE CREMONA SOLIDALE,01310740194,93042130190,"VIA BRESCIA,207",019036,CREMONA,CR,,PUBBLICA,,10.03753022,45.15182072,POINT (10.03753022 45.15182072)
322,000870,CDI LONGHI E PIANEZZA,"VIA LIBERTA',19/21",012037,CASALZUIGNO,21030,VA,12,12,690461,FONDAZIONE CASA DI SOGGIORNO E RIPOSO LONGHI FRANCESCO E FAMIGLIA PIANEZZA FEDERICO ONLUS,02432600126,02432600126,"VIA DEL GAGGIOLO,12",012037,CASALZUIGNO,VA,FONDAZIONE,PRIVATA,NO,8.7114039,45.9066477,POINT (8.7114039 45.9066477)
325,001230,CDI C/O RSA OVIDIO CERRUTI,"VIA OVIDIO CERRUTI,6",016051,CAPRIATE SAN GERVASIO,24042,BG,30,30,200735,PROVINCIA NORD ITALIANA DELL'ORDINE DEI MINISTRI DEGLI INFERMI (CAMILLIANI),13471450968,01556270153,"VIA RUGGERO BOSCOVICH, 25",015146,MILANO,MI,,PRIVATA,,9.53529,45.60972,POINT (9.53529 45.60972)
326,001738,CDI C/O LA RSA PIO RICOVERO INABILI AL LAVORO,"VIA OLGA E GIULIO PLUDA,10",017043,CASTENEDOLO,25014,BS,22,22,690706,FONDAZIONE PIO RICOVERO INABILI AL LAVORO - ONLUS,03040990172,80015050174,"VIA CONIUGI PLUDA,10",017043,CASTENEDOLO,BS,,PRIVATA,,10.3022068,45.4741802,POINT (10.3022068 45.4741802)
326,001493,CDI C/O AZIENDA SPECIALE COMUNE DI CONCESIO,"VIA CESARE BATTISTI,72",017061,CONCESIO,25062,BS,15,15,690762,RSA  CONCESIO  AZIENDA SPECIALE,02248580983,02248580983,"VIA CESARE BATTISTI,72",017061,CONCESIO,BS,,PUBBLICA,,10.218802,45.6092069,POINT (10.218802 45.6092069)
324,015921,CDI FONDAZIONE GIUSEPPE BESANA ONLUS,"VIA LUIGI RHO,4/6",108030,MEDA,20821,MB,30,30,690610,FONDAZIONE GIUSEPPE BESANA ONLUS,00746390962,03273050157,"VICOLO LUIGI RHO,4/6",108030,MEDA,MB,FONDAZIONE,PRIVATA,SI,9.1604627,45.6664544,POINT (9.1604627 45.6664544)
327,001828,CDI FONDAZIONE OSPEDALE CAIMI ONLUS,"VIA MARTIRI DELLA LIBERTA',10",019112,VAILATE,26019,CR,40,40,690711,FONDAZIONE OSPEDALE CAIMI - ONLUS,00305030199,00305030199,"VIA CAIMI,21",019112,VAILATE,CR,FONDAZIONE,PRIVATA,SI,9.60346,45.46287,POINT (9.60346 45.46287)
326,001566,CDI C/O LA RSA PAOLO VI ONLUS,"VIA ACHILLE PEDROCCA,7",017009,BAGNOLO MELLA,25021,BS,20,20,690781,FONDAZIONE CASA DI RIPOSO - R.S.A. PAOLO VI ONLUS,00603240987,01121330177,"VIA ACHILLE PEDROCCA,7",017009,BAGNOLO MELLA,BS,FONDAZIONE,PRIVATA,SI,10.1794849,45.4327194,POINT (10.1794849 45.4327194)
328,097466,CENTRO DIURNO INTEGRATO ARCOBALENO PARC,"VIA DEGLI ONTANI,2",018137,SAN MARTINO SICCOMARIO,27028,PV,15,15,166072,COOPERATIVA SOCIALE F.A.I. PONTEVECCHIO S.P.A.,01830880181,01830880181,"VIA DEGLI ONTANI,2",018137,SAN MARTINO SICCOMARIO,PV,SOCIETA' COOPERATIVA DI SOLIDARIETA' SOCIALE,PRIVATA,NO,9.13755,45.16028,POINT (9.13755 45.16028)
328,002158,"""CDI """"FONDAZIONE CONTE CELLA DI RIVARA""""""","LOCALITA' RILE,3",018005,ARENA PO,27040,PV,40,40,690840,FONDAZIONE CONTE FRANCO CELLA DI RIVARA ONLUS,01331740181,84003740184,"VIA EMILIA,328",018024,BRONI,PV,FONDAZIONE,PRIVATA,NO,9.36179,45.09393,POINT (9.36179 45.09393)
326,001751,CDI SAN PANCRAZIO,"VIA LUNGO OGLIO CESARE BATTISTI,17",017133,PALAZZOLO SULL'OGLIO,25036,BS,15,15,692294,COOPERATIVA SOCIALE P.A.E.S.E. ONLUS,02289620169,95048590160,"VIA LEVADELLO,8/A",017133,PALAZZOLO SULL'OGLIO,BS,,PRIVATA,,9.8841,45.60045,POINT (9.8841 45.60045)
325,001401,FONDAZIONE SAN GIUSEPPE,"VIALE ANTONIO LOCATELLI,6",016091,DALMINE,24044,BG,10,10,690506,UNIVERSIIS SOCIETA' COOPERATIVA SOCIALE,01818390302,01818390302,"VIA CIVIDINA,41/A",030129,UDINE,UD,SOCIETA' COOPERATIVA DI SOLIDARIETA' SOCIALE,PRIVATA,SI,9.60402003,45.64695998,POINT (9.60402003 45.64695998)
328,002144,CDI RESIDENZA PER ANZIANI FONDAZIONE SACCHI,"VIA DON DAVIDE ALBERTARIO,20",018063,FILIGHERA,27010,PV,22,22,690492,PII ISTITUTI UNIFICATI,00478980188,00478980188,"PIAZZALE MONSIGNOR BATTISTA CLERICI,6",018013,BELGIOIOSO,PV,ENTE MORALE DI DIRITTO PRIVATO,PRIVATA,NO,9.31739,45.17694,POINT (9.31739 45.17694)
321,000134,CDI RESIDENZA DI QUARTIERE A. PUNTURIERE,"VIA GUGLIELMO MARCONI,48",015077,CINISELLO BALSAMO,20092,MI,30,30,691739,IL TORPEDONE SOCIETA' COOPERATIVA SOCIALE - ONLUS,02406760963,02406760963,"VIA PABLO PICASSO,40854",015077,CINISELLO BALSAMO,MI,,PRIVATA,,9.201038,45.5516103,POINT (9.201038 45.5516103)
324,001177,CDI LE SOLEIL,"STRADA VICINALE CASSINA BONSAGLIO,60",108039,SEREGNO,20831,MB,30,30,691747,COOPERATIVA SOCIALE EDEN S.R.L. O.N.L.U.S.,03010390965,03010390965,"STRADA VICINALE CASSINA BONSAGLIO,60",108039,SEREGNO,MB,,PRIVATA,,9.2111564,45.637412,POINT (9.2111564 45.637412)
325,001299,FONDAZIONE S. ANTONIO ONLUS,"VIA GIAN BATTISTA GAVAZZENI,22",016178,RANICA,24020,BG,,30,691758,FONDAZIONE S. ANTONIO ONLUS,03129390161,80027470162,"VIA GIAN BATTISTA GAVAZZENI,22",016178,RANICA,BG,,PRIVATA,,9.71579,45.72766,POINT (9.71579 45.72766)
325,001305,CDI CAPROTTI ZAVARITT,"VIA ARNO,14",016115,GORLE,24020,BG,30,30,690457,ISTITUTO CASA DI RIPOSO CAPROTTI ZAVARITT,01567280167,01567280167,"VIA ARNO,14",016024,BERGAMO,BG,,PRIVATA,,9.71979,45.70721,POINT (9.71979 45.70721)
326,001576,CDI C/O FONDAZIONE INSIEME TRENZANO ONLUS,"PIAZZA DEL VOLONTARIO,1",017190,TRENZANO,25030,BS,40,30,690540,GENESI IMPRESA SOCIALE SOCIETA' COOPERATIVA SOCIALE ONLUS,03480310170,03480310170,"VIA BILINE,74/76",017163,RODENGO SAIANO,BS,,PRIVATA,,10.01398,45.47631,POINT (10.01398 45.47631)
326,001561,C.D.I SUOR SCOLASTICA C/O FONDAZIONE DI CURA CITTA' DI GARDONE VALTROMPIA ONLUS,"VIA GIUSEPPE PARINI,14",017075,GARDONE VAL TROMPIA,25063,BS,25,15,690732,FONDAZIONE DI CURA CITTA' DI GARDONE VT - ONLUS,00724930987,83000650172,"VIA GIUSEPPE PARINI,14",017075,GARDONE VAL TROMPIA,BS,,PRIVATA,,10.1836156,45.6774854,POINT (10.1836156 45.6774854)
328,002225,CDI ASILO GAMBARANA,"VIA ASILO GAMBARANA,19",018040,CASTELNOVETTO,27030,PV,15,15,732588,ALE.MAR. COOPERATIVA SOCIALE ONLUS,01956990186,01956990186,"VIA ROCCA VECCHIA,1",018177,VIGEVANO,PV,SOCIETA' COOPERATIVA DI SOLIDARIETA' SOCIALE,PRIVATA,SI,8.61325,45.25301,POINT (8.61325 45.25301)
328,003540,"""CDI """"FRANCESCO PERTUSATI""""""","VIALE GIACOMO MATTEOTTI,63",018110,PAVIA,27100,PV,12,12,690361,ISTITUZIONI ASSISTENZIALI RIUNITE DI PAVIA - AZIENDA DI SERVIZI ALLA PERSONA,02030350181,02030350181,"VIALE GIACOMO MATTEOTTI,63",018110,PAVIA,PV,AZIENDA DI SERVIZI ALLA PERSONA (ASP),PUBBLICA,NO,9.15258,45.19033,POINT (9.15258 45.19033)
326,001510,CDI C/O FONDAZIONE LUCINI CANTU' ONLUS,"VIA SAN MARTINO DELLA BATTAGLIA,23",017166,ROVATO,25038,BS,20,15,690548,FONDAZIONE LUCINI CANTU' ONLUS,00724560982,82001610177,"VIA SAN MARTINO DELLA BATTAGLIA,21",017166,ROVATO,BS,FONDAZIONE,PRIVATA,SI,10.00125,45.56267,POINT (10.00125 45.56267)
324,001105,CENTRO DIURNO INTEGRATO,"VIA GEROLAMO BESTETTI,6",108049,VILLASANTA,20852,MB,20,20,730763,COMUNE DI VILLASANTA,00745580969,03245720150,"PIAZZA MARTIRI DELLA LIBERTA',7",097023,COLICO,LC,,PUBBLICA,,9.2999941,45.6033798,POINT (9.2999941 45.6033798)
328,002015,CDI VILLA FLAVIA,"VIALE LODI,47",018110,PAVIA,27100,PV,30,30,170592,OVER TICINUM SRL,11632820962,11632820962,"VIA CAPPUCCINI,4",015146,MILANO,MI,SOCIETA' A RESPONSABILITA' LIMITATA,PRIVATA,NO,9.18742,45.18836,POINT (9.18742 45.18836)
322,000832,"""CDI """"FONDAZIONE BELLORA ONLUS""""""","PIAZZA GIOVANE ITALIA,1",012070,GALLARATE,21013,VA,20,20,690727,FONDAZIONE BELLORA ONLUS,01837120128,82005470123,"PIAZZA GIOVANE ITALIA,1",012070,GALLARATE,VA,,PRIVATA,,8.79051,45.65607,POINT (8.79051 45.65607)
327,001854,CDI ALZHEIMER,"PIAZZA LIBERTA',2",019099,SOSPIRO,26048,CR,20,20,691264,ISTITUTO OSPEDALIERO DI SOSPIRO - ONLUS,00385470190,80004030195,"PIAZZA LIBERTA',2",019099,SOSPIRO,CR,FONDAZIONE,PRIVATA,NO,10.15735,45.10614,POINT (10.15735 45.10614)
326,001623,CDI RICHIEDEI,"VIA PAOLO RICHIEDEI,16",017081,GUSSAGO,25064,BS,28,28,690573,IL GABBIANO SOCIETA' COOPERATIVA SOCIALE ONLUS,00722770989,03043390172,"VIA ABATE CREMONESINI,6/8",017149,PONTEVICO,BS,,PRIVATA,,10.15327,45.58965,POINT (10.15327 45.58965)
326,001740,CDI MARIA CAVALLI BENDISCIOLI,"VIA GIUSEPPE VERDI,10",017136,PASSIRANO,25050,BS,19,19,690677,DON AMBROGIO CACCIAMATTA - FRATELLI GUERINI ONLUS,03595720172,80016110175,"VIA PER ROVATO,13/D",017085,ISEO,BS,,PRIVATA,,10.0570626,45.6024835,POINT (10.0570626 45.6024835)
321,000046,CDI CASA FAMIGLIA PER ANZIANI MONS. CARLO TESTA,"VIA GENERALE CARLO ALBERTO DALLA CHIESA,43",015081,COLOGNO MONZESE,20093,MI,40,40,690715,FONDAZIONE MANTOVANI ONLUS,11779830154,11779830154,"VIA FILIPPO TURATI,37",015007,ARCONATE,MI,,PRIVATA,,9.2876,45.53288,POINT (9.2876 45.53288)
326,001674,CDI C/O FONDAZIONE CASA DI RIPOSO G.B. VALOTTI ONLUS,"VIA GIOACHINO ROSSINI,3",017086,ISORELLA,25010,BS,15,10,690437,FONDAZIONE CASA DI RIPOSO G.B. VALOTTI - ONLUS,00582390985,00851720177,"VIA GIOACHINO ROSSINI,3",017086,ISORELLA,BS,,PRIVATA,,10.328167,45.3075937,POINT (10.328167 45.3075937)
324,006038,POLO FRASSONI,"VIA GORIZIA,2",097042,LECCO,23900,LC,40,40,691775,L'ARCOBALENO SOCIETA' COOPERATIVA SOCIALE - ONLUS,01461770131,01461770131,"VIALE FILIPPO TURATI,117",097042,LECCO,LC,SOCIETA' COOPERATIVA DI SOLIDARIETA' SOCIALE,PRIVATA,SI,9.39458,45.86457,POINT (9.39458 45.86457)
326,001703,CDI DR ALBERTO ARCHETTI,"VIA CASA DI RIPOSO,1",017038,CAPRIOLO,25031,BS,15,15,690806,FONDAZIONE CASA DI RIPOSO DI CAPRIOLO DON GAUDENZIO MARTINAZZOLI - CENTRO POLIVALENTE DI SERVIZI PER ANZIANI,00984260174,00984260174,"VIA CASA DI RIPOSO,1",017038,CAPRIOLO,BS,FONDAZIONE,PRIVATA,NO,9.9335355,45.6428174,POINT (9.9335355 45.6428174)
327,001779,CENTRO DIURNO INTEGRATO IL SOLE,"VIA OSPEDALE VECCHIO,18",020066,VIADANA,46019,MN,20,20,690520,ISTITUTO  GERIATRICO CARLO  LOUISA GRASSI ONLUS,01371940204,83000730206,"VIA OSPEDALE VECCHIO,16",020066,VIADANA,MN,,PRIVATA,,10.52189145,44.93096078,POINT (10.52189145 44.93096078)
325,001402,SANDRO PERTINI,"VIA PIER LUIGI SANGALLI,80",016006,ALMENNO SAN BARTOLOMEO,24030,BG,40,40,104064,COOPERATIVA SOCIALE SAN NICOLO' - SOCIETA' COOPERATIVA SOCIALE,01665720163,01665720163,VIA PIO MANZU',016006,ALMENNO SAN BARTOLOMEO,BG,SOCIETA' COOPERATIVA DI SOLIDARIETA' SOCIALE,PRIVATA,SI,9.5799779,45.737372,POINT (9.5799779 45.737372)
321,000668,LA CORTE,"VIA ENRICO FERMI,39",015237,VIGNATE,20052,MI,40,40,104064,COOPERATIVA SOCIALE SAN NICOLO' - SOCIETA' COOPERATIVA SOCIALE,01665720163,01665720163,VIA PIO MANZU',016006,ALMENNO SAN BARTOLOMEO,BG,SOCIETA' COOPERATIVA DI SOLIDARIETA' SOCIALE,PRIVATA,SI,9.379767,45.5000706,POINT (9.379767 45.5000706)
321,084668,CDI SENAGO,"VIA FALLACI ORIANA,10",015206,SENAGO,20030,MI,30,30,137308,GRUPPO GHERON SRL,01574550339,01574550339,"VIA ARCHIMEDE,57",015146,MILANO,MI,,PRIVATA,,9.12607,45.57893,POINT (9.12607 45.57893)
325,001301,CDI PIATTI VENANZI,"VIA SANTA MARIA ELISABETTA,36",016157,PALOSCO,24050,BG,15,15,690568,CASA DI RIPOSO PIATTI-VENANZI FONDAZIONE O.N.L.U.S.,03118770167,83001590161,"VIA SANTA MARIA ELISABETTA,36",016157,PALOSCO,BG,,PRIVATA,,9.8392552,45.582323,POINT (9.8392552 45.582323)
325,001447,"""CDI """"MADONNA DEL BOLDESICO""""""","VIA DOTTORE LIBERO SIGNORELLI,91/93",016120,GRUMELLO DEL MONTE,24064,BG,40,40,690661,FONDAZIONE MADONNA DEL BOLDESICO O.N.L.U.S.,02629370160,80013970167,"VIA DOTTORE LIBERO SIGNORELLI,91/93",016120,GRUMELLO DEL MONTE,BG,,PRIVATA,,9.8833817,45.6442092,POINT (9.8833817 45.6442092)
323,000984,CDI CITTA' DI SONDRIO,"VIA DON LUIGI GUANELLA,36",014061,SONDRIO,23100,SO,20,20,691255,FONDAZIONE CASA DI RIPOSO CITTA' DI SONDRIO,00401580147,80000270142,"VIA DON LUIGI GUANELLA,36",014061,SONDRIO,SO,,PRIVATA,,9.86489,46.16346,POINT (9.86489 46.16346)
322,000790,CDI CASA SAN GIORGIO ETS,"VIA ARDENGO VISCONTI,2",012109,ORIGGIO,21040,VA,40,40,690648,ASSOCIAZIONE CASA SAN GIORGIO - ONLUS,02121610121,02121610121,"VIA ARDENGO VISCONTI,2",012109,ORIGGIO,VA,ASSOCIAZIONE,PRIVATA,NO,9.01633,45.59636,POINT (9.01633 45.59636)
328,004868,CENTRO DIURNO INTEGRATO DI CORTEOLONA,"VIA DELLE COSTIERE,4",018192,CORTEOLONA E GENZONE,27014,PV,30,30,690492,PII ISTITUTI UNIFICATI,00478980188,00478980188,"PIAZZALE MONSIGNOR BATTISTA CLERICI,6",018013,BELGIOIOSO,PV,ENTE MORALE DI DIRITTO PRIVATO,PRIVATA,NO,9.36982,45.15697,POINT (9.36982 45.15697)
321,000190,CENTRO DIURNO INTEGRATO DI CORMANO,"VIA GIUSEPPE MAZZINI,23",015086,CORMANO,20032,MI,40,40,690715,FONDAZIONE MANTOVANI ONLUS,11779830154,11779830154,"VIA FILIPPO TURATI,37",015007,ARCONATE,MI,,PRIVATA,,9.15898354,45.54611107,POINT (9.15898354 45.54611107)
327,001803,"""CDI """"CASA OZANAM""""""","VIA BRESCIA,207",019036,CREMONA,26100,CR,20,20,690876,AZIENDA SPECIALE COMUNALE CREMONA SOLIDALE,01310740194,93042130190,"VIA BRESCIA,207",019036,CREMONA,CR,,PUBBLICA,,10.0378108,45.1517845,POINT (10.0378108 45.1517845)
321,000332,CENTRO DIURNO COMM. CARLO MARZAGALLI,"VIA PAOLO GORINI,48",098031,LODI,26900,LO,30,30,691426,FONDAZIONE SANTA CHIARA CENTRO MULTISERVIZI PER LA POPOLAZIONE ANZIANA ONLUS,08043770158,84501950152,"VIA PAOLO GORINI,48",098031,LODI,LO,,PRIVATA,,9.5095598,45.3135264,POINT (9.5095598 45.3135264)
321,000470,CDI G. PERUSINI,"VIA PIER ALESSANDRO PARAVIA,63",015146,MILANO,20148,MI,30,30,690414,ISTITUTO GERIATRICO MILANESE S.P.A.,12192560154,04337840484,"VIA PIER ALESSANDRO PARAVIA,63",015146,MILANO,MI,,PRIVATA,,9.1331871,45.4730272,POINT (9.1331871 45.4730272)
327,001783,CDI FONDAZIONE  SAN  BIAGIO ONLUS,"VIA SAN ROCCO,15",020018,CAVRIANA,46040,MN,10,10,690771,FONDAZIONE SAN BIAGIO ONLUS,01565200209,81003330206,"VIA SAN ROCCO,15",020018,CAVRIANA,MN,,PRIVATA,,10.60229,45.34898,POINT (10.60229 45.34898)
326,001629,CDI C/O FONDAZIONE VILLA SERENA ETS,"VIALE GIANBATTISTA ORIZIO,17",017150,PONTOGLIO,25037,BS,20,15,690868,FONDAZIONE VILLA SERENA - ONLUS,02730300981,00976580175,"VIALE ORIZIO,17",017174,SAREZZO,BS,,PRIVATA,,9.8523578,45.5724348,POINT (9.8523578 45.5724348)
321,000244,CDI MIRASOLE,"VIA COSTANTINO BARONI,57/A",015146,MILANO,20142,MI,30,30,690790,COOPERATIVA SOCIALE COOPSELIOS SOCIETA' COOPERATIVA ONLUS,01164310359,01164310359,"VIA ANTONIO GRAMSCI,54/S",035033,REGGIO NELL'EMILIA,RE,,PRIVATA,,9.170114,45.4065746,POINT (9.170114 45.4065746)
328,002011,FONDAZIONE PENSIONATO SANNAZZARESE ONLUS,"VIA INCISA,1",018138,SANNAZZARO DE' BURGONDI,27039,PV,15,15,690590,FONDAZIONE PENSIONATO SANNAZZARESE ONLUS,01007990185,82000650182,"VIA INCISA,1",018138,SANNAZZARO DE' BURGONDI,PV,FONDAZIONE,PRIVATA,SI,8.90963,45.10131,POINT (8.90963 45.10131)
322,002799,CDI GIUSEPPE ALLIEVI,"VIA FRANCESCO ANZANI,11",013007,ALZATE BRIANZA,22040,CO,20,20,690863,AZIENDA SPECIALE DEL COMUNE DI ALZATE BRIANZA,02582670135,02582670135,"VIA FRANCESCO ANZANI,1",013007,ALZATE BRIANZA,CO,,PUBBLICA,,9.1845521,45.7658979,POINT (9.1845521 45.7658979)
321,000082,CA' DEL DI',"VIA BOLZANO,22",015105,GARBAGNATE MILANESE,20024,MI,35,35,691838,COMUNE DI GARBAGNATE MILANESE,00792720153,00792720153,"PIAZZA ALCIDE DE GASPERI,1",015105,GARBAGNATE MILANESE,MI,,PUBBLICA,,9.07026,45.57802,POINT (9.07026 45.57802)
324,001172,CDI C/O RSA BOSCO IN CITTA',"VIA MARTIN LUTHER KING,4",108012,BRUGHERIO,20861,MB,30,30,690672,KCS CAREGIVER COOPERATIVA SOCIALE,02125100160,02125100160,"ROTONDA DEI MILLE,1",016024,BERGAMO,BG,,PRIVATA,,9.29959,45.54316,POINT (9.29959 45.54316)
322,000808,"""CDI DON GHIRINGHELLI","VIA GALILEO GALILEI,8",012085,JERAGO CON ORAGO,21040,VA,20,20,692369,CODESS SOCIALE SOCIETA' COOPERATIVA SOCIALE,03174760276,03174760276,"VIA GIOVANNI BOCCACCIO,96",028060,PADOVA,PD,SOCIETA' COOPERATIVA DI SOLIDARIETA' SOCIALE,PRIVATA,SI,8.8029585,45.7032355,POINT (8.8029585 45.7032355)
321,000681,CDI C/O RSA GIUSEPPE GEROSA BRICHETTO,"VIA MECENATE,96",015146,MILANO,20138,MI,30,30,127270,C.A.D.I.A.I. COOPERATIVA SOCIALE,00672690377,00672690377,"VIA PAOLO BOVI CAMPEGGI,2/4",037006,BOLOGNA,BO,SOCIETA' COOPERATIVA DI SOLIDARIETA' SOCIALE,PRIVATA,SI,9.2509956,45.4502058,POINT (9.2509956 45.4502058)
326,001481,CDI C/O LA RSA MADRE TERESA DI CALCUTTA,"VIA GIUSEPPE VERDI,42",017174,SAREZZO,25068,BS,15,10,690592,COMUNE DI SAREZZO,00582490983,00852210178,"PIAZZA CESARE BATTISTI,4",017174,SAREZZO,BS,,PUBBLICA,,10.2012663,45.6569062,POINT (10.2012663 45.6569062)
327,001877,CENTRO DIURNO INTEGRATO IL GIRASOLE,"VIA GIUSEPPE GARIBALDI,36",020022,DOSOLO,46030,MN,10,10,690429,FONDAZIONE ULDERICO SABBADINI ONLUS,01327120208,83001070206,VIA GIUSEPPE GARIBALDI 36,020022,DOSOLO,MN,FONDAZIONE,PRIVATA,NO,10.64366,44.97781,POINT (10.64366 44.97781)
327,002003,CENTRO DIURNO INTEGRATO ANDREA BERTOLINI,"PIAZZALE MICHELANGELO,1",020030,MANTOVA,46100,MN,20,20,690629,ASPEF AZIENDA SERVIZI ALLA PERSONA E ALLA FAMIGLIA,01837820206,01837820206,"PIAZZALE MICHELANGELO,1",020030,MANTOVA,MN,AZIENDA SPECIALE DI ENTE LOCALE,PUBBLICA,NO,10.7757,45.15329,POINT (10.7757 45.15329)
324,033541,CDI IL CILIEGIO,"VIA LUIGI CASANOVA,33/A",108033,MONZA,20900,MB,30,30,690603,LA MERIDIANA SOCIETA' COOPERATIVA SOCIALE,02322460961,08400690155,"VIALE CESARE BATTISTI,86",108033,MONZA,MB,,PRIVATA,,9.25298,45.59372,POINT (9.25298 45.59372)
322,002820,GIUSEPPINA PRINA 2,"PIAZZA GIUSEPPINA PRINA,1",013095,ERBA,22036,CO,15,15,691368,FONDAZIONE GIUSEPPINA PRINA - ONLUS,01224400133,82003210133,PIAZZA GIUSEPPINA PRINA 1,013095,ERBA,CO,FONDAZIONE,PRIVATA,NO,9.2230927,45.8107059,POINT (9.2230927 45.8107059)
321,096370,IL MANDORLO,"VIA PIAVE,20",015027,BOLLATE,20021,MI,30,30,030706,ASST RHODENSE,09323530965,09323530965,"VIALE CARLO FORLANINI,95",015105,GARBAGNATE MILANESE,MI,ASST,PUBBLICA,NO,9.11722333,45.54073131,POINT (9.11722333 45.54073131)
324,001046,IL CASTELLO,"VIA GIUSEPPE VERDI,25",097021,CESANA BRIANZA,23861,LC,27,20,691775,L'ARCOBALENO SOCIETA' COOPERATIVA SOCIALE - ONLUS,01461770131,01461770131,"VIALE FILIPPO TURATI,117",097042,LECCO,LC,SOCIETA' COOPERATIVA DI SOLIDARIETA' SOCIALE,PRIVATA,SI,9.30277,45.81876,POINT (9.30277 45.81876)
327,001890,CDI SMERALDO,"VIA GIOVAN BATTISTA ROSA,42",019064,OSTIANO,26032,CR,22,22,690562,FONDAZIONE BRUNO PARI ONLUS,00870300191,80004330199,"VIA GIAN BATTISTA ROSA, 42",019064,OSTIANO,CR,FONDAZIONE,PRIVATA,NO,10.2466195,45.2255048,POINT (10.2466195 45.2255048)
322,002855,"""CDI C/O RSA """"GARIBALDI POGLIANI""""""","VIA ANDREA CAMUZIO,6",013043,CAPIAGO INTIMIANO,22070,CO,40,40,690802,FONDAZIONE R.S.A. GARIBALDI POGLIANI ONLUS,01798350136,81002570133,"VIA FRATELLI GALIMBERTI,4",013041,CANTU',CO,,PRIVATA,,9.12478,45.76798,POINT (9.12478 45.76798)
323,000976,CDI DI CHIAVENNA,"VIA DON PIETRO BUZZETTI,41",014018,CHIAVENNA,23022,SO,16,16,691725,L'ARCA SOCIETA' COOPERATIVA SOCIALE,00528850142,00528850142,"VIA DON PIETRO BUZZETTI,41",014018,CHIAVENNA,SO,,PRIVATA,,9.3890513,46.3214649,POINT (9.3890513 46.3214649)
322,034290,CENTRO DIURNO INTEGRATO PROTETTO IL MELO,"VIA MAGENTA,3",012070,GALLARATE,21013,VA,25,25,691476,IL MELO ONLUS SOCIETA' COOPERATIVA SOCIALE,01564890125,91002590122,"VIA MAGENTA,3",012070,GALLARATE,VA,,PRIVATA,,8.7934,45.65624,POINT (8.7934 45.65624)
321,000546,CDI CASA PER CONIUGI,"VIA DEI CINQUECENTO,19",015146,MILANO,20139,MI,30,30,691806,PUNTO SERVICE - COOPERATIVA SOCIALE A R.L,01645790021,01645790021,"VIA VERCELLI,23/A",002031,CARESANABLOT,VC,SOCIETA' COOPERATIVA DI SOLIDARIETA' SOCIALE,PRIVATA,SI,9.2207407,45.4351636,POINT (9.2207407 45.4351636)
327,001987,CDI PROF. ANGELO MALFASI,"VIA BECCADELLO,6",019025,CASTELLEONE,26012,CR,40,40,690696,FONDAZIONE GIUSEPPINA BRUNENGHI ONLUS,00387930191,83000630190,"VIA BECCADELLO,6",019025,CASTELLEONE,CR,FONDAZIONE,PRIVATA,NO,9.76475263,45.29034768,POINT (9.76475263 45.29034768)
327,001884,"""CDI PER ANZIANI """"EMANUELE E GIUSEPPINA CORDIOLI""""""","VIALE VITTORIO GAVIOLI,15",020033,MARMIROLO,46045,MN,12,12,690699,FONDAZIONE MONS ARRIGO MAZZALI ONLUS DI MANTOVA,00441270204,80005070208,"VIA TRENTO,10",020030,MANTOVA,MN,,PRIVATA,,10.75717,45.22149,POINT (10.75717 45.22149)
321,000189,ISTITUTO PALAZZOLO FONDAZIONE DON CARLO GNOCCHI ONLUS,"VIA DON LUIGI PALAZZOLO,21",015146,MILANO,20149,MI,30,30,690451,FONDAZIONE DON CARLO GNOCCHI ONLUS,12520870150,04793650583,"VIA CARLO GIROLA,30",015146,MILANO,MI,FONDAZIONE,PRIVATA,SI,9.1444404,45.4894283,POINT (9.1444404 45.4894283)
325,001231,CDI DELLA FONDAZIONE CASA DI RIPOSO DI PONTE SAN PIETRO O.N.L.U.S.,"VIA GIACOMO MATTEOTTI,5",016170,PONTE SAN PIETRO,24036,BG,30,30,690614,FONDAZIONE CASA DI RIPOSO DI PONTE SAN PIETRO ONLUS,01837860160,82000550168,"VIA GIACOMO MATTEOTTI, 5",016170,PONTE SAN PIETRO,BG,FONDAZIONE,PRIVATA,NO,9.5864293,45.6981451,POINT (9.5864293 45.6981451)
326,001688,CDI GERICO,"VIA DON PIERINO FERRARI,3/A",017085,ISEO,25049,BS,20,20,690132,FONDAZIONE MAMRE' ONLUS,01301620173,01301620173,"VIA RISORGIMENTO,173",017085,ISEO,BS,FONDAZIONE,PRIVATA,NO,10.0020157,45.658112,POINT (10.0020157 45.658112)
321,014552,CDI CENTRO DIURNO INTEGRATO E SERVIZI DI RECUPERO FUNZIONALE E SOCIALE,"VIA MICHELANGELO BUONARROTI,59",015070,CERNUSCO SUL NAVIGLIO,20063,MI,40,40,130508,CONSORZIO STABILE HCM,04409410968,04409410968,"VIA CRESCENZAGO,55",015146,MILANO,MI,,PRIVATA,,9.3170843,45.5218046,POINT (9.3170843 45.5218046)
327,001920,CENTRO DIURNO INTEGRATO I TULIPANI,"STRADA COMUNALE MARINA,1/B",020027,GONZAGA,46023,MN,15,15,690454,I TULIPANI S.R.L.,02152450207,02152450207,"STRADA COMUNALE MARINA,1/B",020027,GONZAGA,MN,,PRIVATA,,10.81954,44.95703,POINT (10.81954 44.95703)
324,001207,CDI PREZIOSISSIMO SANGUE,"VIA GIOVANNI RAIBERTI,17",108033,MONZA,20900,MB,40,40,120850,REMBRANDT COOPERATIVA SOCIALE,01957760133,01957760133,"VIA VARESE,25/D",012119,SARONNO,VA,,PRIVATA,,9.28556,45.58573,POINT (9.28556 45.58573)
326,001589,C.D.I FRA' PIETRO GHIDINI,"VIA PILASTROINI,10",017029,BRESCIA,25100,BS,25,25,690002,PROVINCIA LOMBARDO-VENETA DELL'ORDINE OSPEDALIERO DI SAN GIOVANNI DI DIO FATEBENEFRATELLI,01647730157,01647730157,"VIA PILASTRONI,4",017029,BRESCIA,BS,ENTE ECCLESIASTICO,PRIVATA,NO,10.232,45.53689,POINT (10.232 45.53689)
324,001125,CDI LASER,"VIA FILANDA,12",097042,LECCO,23900,LC,40,40,691775,L'ARCOBALENO SOCIETA' COOPERATIVA SOCIALE - ONLUS,01461770131,01461770131,"VIALE FILIPPO TURATI,117",097042,LECCO,LC,SOCIETA' COOPERATIVA DI SOLIDARIETA' SOCIALE,PRIVATA,SI,9.41613,45.85216,POINT (9.41613 45.85216)
322,000764,CDI MONS. GEROLAMO COMI,"VIA CARLO FORLANINI,6",012092,LUINO,21016,VA,10,10,690624,FONDAZIONE MONS. G. COMI ONLUS,02191770128,84002350126,"VIA CARLO FORLANINI,6",012092,LUINO,VA,,PRIVATA,,8.7462549,45.9973738,POINT (8.7462549 45.9973738)
324,038146,IL SOLE,"VIA CESARE CANTU',7",108010,BOVISIO-MASCIAGO,20813,MB,18,18,145090,COOPERATIVA SOCIALE VIRTUS A R.L.,07206450962,07206450962,"VIA SAN SENATORE,8",015146,MILANO,MI,,PRIVATA,,9.14574,45.60987,POINT (9.14574 45.60987)
326,001702,CDI C/O LA RSA CASA DI INDUSTRIA,"VIA VERONICA GAMBARA,6",017029,BRESCIA,25121,BS,30,30,690812,FONDAZIONE CASA INDUSTRIA ONLUS,02505430989,80052670173,"VIA VERONICA GAMBARA,6",017029,BRESCIA,BS,FONDAZIONE,PRIVATA,NO,10.2275026,45.5386262,POINT (10.2275026 45.5386262)
326,001620,CDI VILLA DEI GELSI,"VIA C.MAZZOCCHI,19",017186,TORBOLE CASAGLIA,25030,BS,15,15,690682,FONDAZIONE POMPEO E CESARE MAZZOCCHI ONLUS,00724370986,82000930170,"VIA VITTORIO EMANUELE II,26",017056,COCCAGLIO,BS,,PRIVATA,,10.1155071,45.512492,POINT (10.1155071 45.512492)
328,002136,"""CDI """"RESIDENZA PER ANZIANI CESARE PARISIO""""""","VIA ROMA,11/13",018192,CORTEOLONA E GENZONE,27014,PV,40,40,690492,PII ISTITUTI UNIFICATI,00478980188,00478980188,"PIAZZALE MONSIGNOR BATTISTA CLERICI,6",018013,BELGIOIOSO,PV,ENTE MORALE DI DIRITTO PRIVATO,PRIVATA,NO,9.36982,45.15697,POINT (9.36982 45.15697)
321,000135,CDI GIUSEPPE MOSCATI,"VIA ORTI,27",015146,MILANO,20122,MI,15,15,690415,FONDAZIONE S.G. MOSCATI,09791060156,97075530150,"VIA ORTI,27",015146,MILANO,MI,FONDAZIONE,PRIVATA,NO,9.2013831,45.4552934,POINT (9.2013831 45.4552934)
327,004764,CENTRO DIURNO INTEGRATO PER ANZIANI G.SERINI,"VIA SANTUARIO,28/A",020054,SABBIONETA,46018,MN,10,10,690452,C.S.A. COOPERATIVA SERVIZI ASSISTENZIALI - SOCIETA' COOPERATIVA SOCIALE,01697440202,01697440202,"VIA GELSO,8",020030,MANTOVA,MN,SOCIETA' COOPERATIVA DI SOLIDARIETA' SOCIALE,PRIVATA,SI,10.4801979,44.9963335,POINT (10.4801979 44.9963335)
324,001178,CDI MACALLE',"VIA GIUSEPPE MAZZINI,29",108018,CERIANO LAGHETTO,20816,MB,22,22,104064,COOPERATIVA SOCIALE SAN NICOLO' - SOCIETA' COOPERATIVA SOCIALE,01665720163,01665720163,VIA PIO MANZU',016006,ALMENNO SAN BARTOLOMEO,BG,SOCIETA' COOPERATIVA DI SOLIDARIETA' SOCIALE,PRIVATA,SI,9.07832,45.62844,POINT (9.07832 45.62844)
321,000291,CDI C/O RSA VIRGILIO FERRARI,"VIA DEI PANIGAROLA,14",015146,MILANO,20139,MI,22,22,691806,PUNTO SERVICE - COOPERATIVA SOCIALE A R.L,01645790021,01645790021,"VIA VERCELLI,23/A",002031,CARESANABLOT,VC,SOCIETA' COOPERATIVA DI SOLIDARIETA' SOCIALE,PRIVATA,SI,9.2225111,45.4356347,POINT (9.2225111 45.4356347)
327,001927,CDI ANNI AZZURRI,"VIA MARTIRI DELLA LIBERTA',3",019051,GRUMELLO CREMONESE ED UNITI,26023,CR,30,30,185252,OASI S.R.L.,04425290980,04425290980,"VIA PALESTRO,33",017125,ORZINUOVI,BS,,PRIVATA,,9.86641,45.19381,POINT (9.86641 45.19381)
326,001645,C.D.I VILLA DEI PINI,"VIA TITO SPERI,50",017199,VILLA CARCINA,25069,BS,15,15,690525,FONDAZIONE COLTURI VILLA DEI PINI ONLUS,00725020986,83001330170,"VIA TITO SPERI,50",017199,VILLA CARCINA,BS,,PRIVATA,,10.1916544,45.6334472,POINT (10.1916544 45.6334472)
326,001614,CDI PRIMAVERE,"VIA LUCIO FIORENTINI,19/B",017029,BRESCIA,25134,BS,30,25,690813,FONDAZIONE BRESCIA SOLIDALE ONLUS,02912960982,98133500177,"VIA LUCIO FIORENTINI,19/B",017029,BRESCIA,BS,,PRIVATA,,10.2619286,45.5134264,POINT (10.2619286 45.5134264)
322,002710,CDI FONDAZIONE CASA DI RIPOSO INTERCOMUNALE PER PERSONE ANZIANE ONLUS,"VIALE JOHN FITZGERALD KENNEDY,70",013028,BREGNANO,22070,CO,15,15,152072,FONDAZIONE CASE DI RIPOSO RIUNITE DI BREGNANO E LOMAZZO ONLUS,03850460134,03850460134,"VIA DEL LAGHETTO,9",013133,LOMAZZO,CO,,PRIVATA,,9.05667962,45.70812971,POINT (9.05667962 45.70812971)
325,001371,CDI CASA OSPITALE ARESI,"VIA CAPITANO GIUSEPPE FACCHINETTI,2",016040,BRIGNANO GERA D'ADDA,24053,BG,30,30,690818,CASA OSPITALE DON PIETRO ARESI ONLUS,01439770163,84002250169,"VIA CAPITANO GIUSEPPE FACCHINETTI, 2",016040,BRIGNANO GERA D'ADDA,BG,FONDAZIONE,PRIVATA,NO,9.6458437,45.546158,POINT (9.6458437 45.546158)
325,001374,CDI ARIOLI DOLCI,"VIA ANTONIETTA ARIOLI DOLCI,14",016220,TREVIOLO,24048,BG,36,36,731729,NAMASTE' SOCIETA' COOPERATIVA SOCIALE,02906930165,02906930165,"VIA VALCALCHERA,5",016069,CENATE SOTTO,BG,SOCIETA' COOPERATIVA DI SOLIDARIETA' SOCIALE,PRIVATA,NO,9.6125041,45.6730151,POINT (9.6125041 45.6730151)
321,000182,"""CDI C/O ISTITUTO GERIATRICO """"P. REDAELLI""""""","VIA BARTOLOMEO D'ALVIANO,78",015146,MILANO,20146,MI,20,20,690852,AZIENDA DI SERVIZI ALLA PERSONA GOLGI REDAELLI,04737420150,80063990156,"VIA BARTOLOMEO D'ALVIANO,78",015146,MILANO,MI,AZIENDA DI SERVIZI ALLA PERSONA (ASP),PUBBLICA,NO,9.1381581,45.4595933,POINT (9.1381581 45.4595933)
324,001108,CDI PER MALATI DI ALZHEIMER,"VIA MASSIMO D'AZEGLIO,70",108024,GIUSSANO,20833,MB,20,20,690449,FONDAZIONE RESIDENZA AMICA ONLUS,00967850967,09582480159,"VIA MASSIMO D'AZEGLIO,70",108024,GIUSSANO,MB,,PRIVATA,,9.2034793,45.6913958,POINT (9.2034793 45.6913958)
326,001737,CDI C/O LA RSA CASA ALBERGO PER ANZIANI,"VIALE GUGLIELMO MARCONI,115",017113,MONTICHIARI,25018,BS,40,40,691718,MONTICHIARI MULTISERVIZI S.R.L.,02508380983,02508380983,"PIAZZA SENATORE MARIO PEDINI,1",017113,MONTICHIARI,BS,,PRIVATA,,10.3877457,45.4110448,POINT (10.3877457 45.4110448)
324,004961,DON G. MOSCOTTI,"VIA MONSIGNORE ENNIO BERNASCONI,14",108028,LISSONE,20851,MB,24,24,690694,FONDAZIONE CASA DI RIPOSO L. E A. AGOSTONI - ONLUS,04254840962,85008490154,"VIA MONSIGNORE ENNIO BERNASCONI,14",108028,LISSONE,MB,,PRIVATA,,9.23761,45.61994,POINT (9.23761 45.61994)
321,000044,CDI SACCARDO,"VIA MASSIMIANO IMPERATORE,19",015146,MILANO,20134,MI,30,30,691212,SEGESTA GESTIONI SRL,04140620966,04140620966,"VIALE CASSALA,22",015146,MILANO,MI,SOCIETA' A RESPONSABILITA' LIMITATA CON UN UNICO SOCIO,PRIVATA,NO,9.24421,45.48304,POINT (9.24421 45.48304)
326,001741,CDI FONDAZIONE GAMBARA TAVELLI ONLUS,"VIA LUIGI EINAUDI,1",017195,VEROLANUOVA,25028,BS,20,15,690485,FONDAZIONE GAMBARA - TAVELLI ONLUS,00727260986,88001710172,"VIA LUIGI EINAUDI,1",017195,VEROLANUOVA,BS,FONDAZIONE,PRIVATA,SI,10.07501,45.32922,POINT (10.07501 45.32922)
325,001424,CENTRO DIURNO INTEGRATO DON SANDRO MEZZANOTTI,"VIALE XXIV MAGGIO,11",016219,TREVIGLIO,24047,BG,40,40,691762,YGEA S.P.A.,02502530161,02502530161,"VIALE PIAVE,43",016219,TREVIGLIO,BG,,PRIVATA,,9.5980082,45.5201097,POINT (9.5980082 45.5201097)
323,000957,"""CDI """"NINI CALZONI""""""","VIA ADAMO,1",017118,NIARDO,25050,BS,20,20,691764,ASSOCIAZIONE PRO CASA ANZIANI NIARDO ONLUS,03587150982,90008530173,"VIA ADAMO,1",017118,NIARDO,BS,ASSOCIAZIONE,PRIVATA,NO,10.3368147,45.9777052,POINT (10.3368147 45.9777052)
326,004814,CDI C/O FONDAZIONE S.ANGELA MERICI ONLUS,"VIALE ANTONIO GRAMSCI,25",017067,DESENZANO DEL GARDA,25015,BS,12,12,690710,FONDAZIONE S. ANGELA MERICI ONLUS,00725330989,84001090178,"VIALE ANTONIO GRAMSCI,25",017067,DESENZANO DEL GARDA,BS,FONDAZIONE,PRIVATA,NO,10.5355938,45.4732952,POINT (10.5355938 45.4732952)
327,001878,CENTRO DIURNO INTEGRATO FONDAZIONE ANTONIO NUVOLARI,"LARGO ANTONIO NUVOLARI,4",020052,RONCOFERRARO,46037,MN,15,15,690546,FONDAZIONE ANTONIO NUVOLARI,01465990206,80000750200,"LARGO ANTONIO NUVOLARI,4",020052,RONCOFERRARO,MN,,PRIVATA,,10.95298,45.13519,POINT (10.95298 45.13519)
327,001832,"""CDI """"L'ARCOBALENO"""" C/O """"OSP. G. ARAGONA IST. GERIATRICO E RIABILITATIVO""","VIA GRASSELLI BARNI,47",019090,SAN GIOVANNI IN CROCE,26037,CR,20,20,691015,FONDAZIONE OSPEDALE GIUSEPPE ARAGONA ISTITUTO GERIATRICO E RIABILITATIVO ONLUS,00296100191,00296100191,"VIA GRASSELLI BARNI,47",019090,SAN GIOVANNI IN CROCE,CR,FONDAZIONE,PRIVATA,SI,10.38075,45.0756,POINT (10.38075 45.0756)
321,000248,"""CDI PRESSO RSA""""I PIOPPI""""""","VIA LEONARDO DA VINCI,38",015101,DRESANO,20070,MI,15,15,691806,PUNTO SERVICE - COOPERATIVA SOCIALE A R.L,01645790021,01645790021,"VIA VERCELLI,23/A",002031,CARESANABLOT,VC,SOCIETA' COOPERATIVA DI SOLIDARIETA' SOCIALE,PRIVATA,SI,9.3542822,45.3713892,POINT (9.3542822 45.3713892)
321,000662,CDI MONS. LUIGI OLGIATI,"VIA GIOVANNI BOCCACCIO,354",015209,SESTO SAN GIOVANNI,20099,MI,25,25,690510,FONDAZIONE ISTITUTO GERIATRICO LA PELUCCA - ONLUS,00987080967,85001850156,"VIA TOMMASO CAMPANELLA,8-10",015209,SESTO SAN GIOVANNI,MI,,PRIVATA,,9.2399057,45.5464114,POINT (9.2399057 45.5464114)
322,004812,CDI MENOTTI BASSANI,"VIA AVVOCATO FRANCO BASSANI,13",012087,LAVENO-MOMBELLO,21014,VA,20,20,690440,CENTRO RESIDENZIALE PER ANZIANI MENOTTI BASSANI,01319900120,01319900120,"VIA AVVOCATO FRANCO BASSANI,13",012087,LAVENO-MOMBELLO,VA,,PRIVATA,,8.61455,45.90583,POINT (8.61455 45.90583)
322,004821,ISTITUTO LA PROVVIDENZA U.G. 4,"VIA SAN GIOVANNI BOSCO,3",012026,BUSTO ARSIZIO,21052,VA,30,30,690792,ISTITUTO LA PROVVIDENZA ONLUS,01279730129,81002690121,"VIA SAN GIOVANNI BOSCO,3",012026,BUSTO ARSIZIO,VA,,PRIVATA,,8.85241,45.6162,POINT (8.85241 45.6162)
321,000085,"""CDI PRESSO RSA """"AZIENDA SPECIALE CASA DI RIPOSO GALLAZZI-VISMARA""""""","VIA GIACOMO MATTEOTTI,30",015009,ARESE,20044,MI,20,20,121112,SERCOP AZIENDA SERVIZI COMUNALI ALLA PERSONA,05728560961,05728560961,"VIA DEI CORNAGGIA,33",015182,RHO,MI,AZIENDA SPECIALE CONSORTILE,PUBBLICA,NO,9.07746,45.55404,POINT (9.07746 45.55404)
326,001630,CDI SANDRO GIACOMAZZI,"VIA PAPA PAOLO VI,SNC",017025,BOVEZZO,25073,BS,40,40,104064,COOPERATIVA SOCIALE SAN NICOLO' - SOCIETA' COOPERATIVA SOCIALE,01665720163,01665720163,VIA PIO MANZU',016006,ALMENNO SAN BARTOLOMEO,BG,SOCIETA' COOPERATIVA DI SOLIDARIETA' SOCIALE,PRIVATA,SI,10.2377612,45.5876686,POINT (10.2377612 45.5876686)
326,001582,CDI C/O FONDAZIONE POMPEO E CESARE MAZZOCCHI ONLUS,"VIA CARERA,28",017056,COCCAGLIO,25030,BS,15,15,690682,FONDAZIONE POMPEO E CESARE MAZZOCCHI ONLUS,00724370986,82000930170,"VIA VITTORIO EMANUELE II,26",017056,COCCAGLIO,BS,,PRIVATA,,9.9805978,45.5623358,POINT (9.9805978 45.5623358)
327,001954,CENTRO DIURNO INTEGRATO MONS  A. MAZZALI,"VIA TRENTO,10",020030,MANTOVA,46100,MN,30,30,690699,FONDAZIONE MONS ARRIGO MAZZALI ONLUS DI MANTOVA,00441270204,80005070208,"VIA TRENTO,10",020030,MANTOVA,MN,,PRIVATA,,10.79025,45.1637,POINT (10.79025 45.1637)
321,000062,"""CDI PRESSO """"RSA SAN CAMILLO""""""","VIA DELLA CAPPELLETTA,5",015051,CARUGATE,20061,MI,30,30,691488,CASA DELL'ANZIANO SAN CAMILLO COOPERATIVA SOCIALE ONLUS,00989140967,94001090151,"VIA DELLA CAPPELLETTA,5",015051,CARUGATE,MI,,PRIVATA,,9.34855,45.54492,POINT (9.34855 45.54492)
325,001300,CDI PAPA GIOVANNI XXIII,"VIA DAMIANO CHIESA,28",016218,TRESCORE BALNEARIO,24069,BG,8,8,692093,COOPERATIVA SOCIALE SOCIETA' DOLCE SOCIETA' COOPERATIVA,03772490375,03772490375,"VIA CRISTINA DA PIZZANO,5",037006,BOLOGNA,BO,,PRIVATA,,9.8434077,45.6959662,POINT (9.8434077 45.6959662)
326,001569,CDI DI VIA VERONICA GAMBARA N. 20 ORZINUOVI,"VIA LATTANZIO GAMBARA,20",017125,ORZINUOVI,25034,BS,30,30,690650,FONDAZIONI RIUNITE ONLUS DELLA BASSA BRESCIANA OCCIDENTALE,00726090988,86000210178,"VIA V.GAMBARA,20",017125,ORZINUOVI,BS,,PRIVATA,,9.9224203,45.4039596,POINT (9.9224203 45.4039596)
323,000988,CDIFONDAZIONE VILLA MONS. DAMIANO ZANI,"VIA PRADELLI,7",017018,BIENNO,25040,BS,10,10,690833,FONDAZIONE ONLUS VILLA MONS. DAMIANO ZANI,07237909986,81004420170,"VIA PRADELLI,7",017018,BIENNO,BS,FONDAZIONE,PRIVATA,NO,10.2915677,45.9359359,POINT (10.2915677 45.9359359)
325,001338,CDI DON GIOVANNI MARIA MORANDI,"VICOLO BENAGLIO,6/A",016029,BOLTIERE,24040,BG,40,40,691807,FONDAZIONE SAN GIULIANO ONLUS,03052430166,93028490162,"VIA CIRCONVALLAZIONE SUD,121",016075,CISERANO,BG,FONDAZIONE,PRIVATA,NO,9.5812547,45.6009155,POINT (9.5812547 45.6009155)
324,001023,CDI LA CASA DEL SORRISO,"VIA DON LORENZO RADAELLI,6",108031,MEZZAGO,20883,MB,20,20,104064,COOPERATIVA SOCIALE SAN NICOLO' - SOCIETA' COOPERATIVA SOCIALE,01665720163,01665720163,VIA PIO MANZU',016006,ALMENNO SAN BARTOLOMEO,BG,SOCIETA' COOPERATIVA DI SOLIDARIETA' SOCIALE,PRIVATA,SI,9.44279509,45.62779026,POINT (9.44279509 45.62779026)
326,001577,CDI C/O CASA DI RIPOSO S. ANGELA MERICI ONLUS,"VIALE ANTONIO GRAMSCI,25",017067,DESENZANO DEL GARDA,25015,BS,20,20,690710,FONDAZIONE S. ANGELA MERICI ONLUS,00725330989,84001090178,"VIALE ANTONIO GRAMSCI,25",017067,DESENZANO DEL GARDA,BS,FONDAZIONE,PRIVATA,NO,10.5355938,45.4732952,POINT (10.5355938 45.4732952)
321,000473,CDI CASA FAMIGLIA DI MILANO AFFORI,"VIA FRANCO FACCIO,15",015146,MILANO,20161,MI,40,40,136089,RSA OASI CERRO SRL,09986470962,09986470962,"VIA PORLEZZA,8",015146,MILANO,MI,SOCIETA' A RESPONSABILITA' LIMITATA,PRIVATA,NO,9.1695972,45.5185654,POINT (9.1695972 45.5185654)
321,000312,CDI SANTAGOSTINO MARIO,"STRADA DALLA CHIESA,14",015103,GAGGIANO,20083,MI,40,40,690681,NUOVA ASSISTENZA- SOCIETA' COOPERATIVA SOCIALE ONLUS,01684780032,06902520011,"VIA BAVENO,4",003106,NOVARA,NO,,PRIVATA,,9.0338561,45.4071226,POINT (9.0338561 45.4071226)
328,002070,CENTRO DIURNO INTEGRATO VESCOVERA,"REGIONE VESCOVERA,32",018024,BRONI,27043,PV,40,40,690840,FONDAZIONE CONTE FRANCO CELLA DI RIVARA ONLUS,01331740181,84003740184,"VIA EMILIA,328",018024,BRONI,PV,FONDAZIONE,PRIVATA,NO,9.236917,45.056354,POINT (9.236917 45.056354)
323,000903,"""CENTRO DIURNO INTEGRATO """"RUGGERO DELL'OCA""""""","VIA PIETRO PAOLO PARRAVICINI,16",014045,MORBEGNO,23017,SO,30,30,690604,FONDAZIONE CASA DI RIPOSO AMBROSETTI PARAVICINI ONLUS,00539680140,00539680140,VIA PIETRO PAOLO PARRAVICINI 16,014045,MORBEGNO,SO,FONDAZIONE,PRIVATA,SI,9.57245,46.1342,POINT (9.57245 46.1342)
326,001508,CDI C/O LA RSA ANDREA FIORINI,"VIA ALDO CARPI,24",017107,MAZZANO,25080,BS,30,30,690718,CASA DI RIPOSO ANDREA FIORINI ONLUS,80054120177,80054120177,"VIA ALDO CARPI,24",017107,MAZZANO,BS,,PRIVATA,,10.3668942,45.5043416,POINT (10.3668942 45.5043416)
327,001778,CDI MANTEGNA,"VIA DANTE ALIGHIERI,8",020007,BOZZOLO,46012,MN,15,15,202333,LA VILLA S.P.A.,05548060481,05548060481,VIA BENEDETTO DA FOIANO 14,048017,FIRENZE,FI,SOCIETA' PER AZIONI,PRIVATA,NO,10.4824959,45.1032678,POINT (10.4824959 45.1032678)
327,001785,CENTRO DIURNO INTEGRATO,"VIA FRANCESCO CRISPI,119",020031,MARCARIA,46010,MN,30,30,690631,FONDAZIONE MONSIGNOR BENEDINI ONLUS,01306390202,80020890200,"VIA FRANCESCO CRISPI,119",020031,MARCARIA,MN,FONDAZIONE,PRIVATA,NO,10.5357616,45.1212974,POINT (10.5357616 45.1212974)
322,004727,CDI VILLAGGIO AMICO,"VIA STAZIONE,5",012075,GERENZANO,21040,VA,30,30,691781,VILLAGGIO AMICO SRL,06788610969,06788610969,"VIA PODGORA,13",015146,MILANO,MI,,PRIVATA,,9.00089,45.64388,POINT (9.00089 45.64388)
328,002048,"""CDI PRESSO RSA """"CASA DI RIPOSO DI VARZI""""""","VIA FORTUNATO REPETTI,12",018171,VARZI,27057,PV,30,20,690480,FONDAZIONE SAN GERMANO ONLUS,01339220186,01339220186,VIA FORTUNATO REPETTI 12,018171,VARZI,PV,FONDAZIONE,PRIVATA,NO,9.192057,44.8256712,POINT (9.192057 44.8256712)
321,000201,"""CDI """"LA CHIOCCIA""""""","VIALE BRIANZA,17",015044,CAMBIAGO,20040,MI,25,25,691750,COMUNE DI CAMBIAGO,02516430150,02516430150,"VIA INDIPENDENZA,1",015044,CAMBIAGO,MI,,PUBBLICA,,9.4194182,45.5739545,POINT (9.4194182 45.5739545)
322,000708,"""CDI CENTRO ACCOGLIENZA PER ANZIANI ETS","VIA CAMILLO BOSISIO,3",012090,LONATE POZZOLO,21015,VA,30,30,690675,FONDAZIONE CENTRO ACCOGLIENZA PER ANZIANI ONLUS,02082750122,91010690120,"VIA CAMILLO BOSISIO, 3",012090,LONATE POZZOLO,VA,FONDAZIONE,PRIVATA,NO,8.751492,45.6013308,POINT (8.751492 45.6013308)
327,096047,CDI FONDAZIONE INNOCENTA ZANETTI E ANGELO COMINELLI ONLUS,"VIA GIUSEPPE GARIBALDI,67",020017,CASTIGLIONE DELLE STIVIERE,46043,MN,10,10,690767,FONDAZ. INNOCENTA ZANETTI E ANGELO COMINELLI ONLUS,00522530203,81000770206,"VIA GIUSEPPE GARIBALDI,67",020017,CASTIGLIONE DELLE STIVIERE,MN,FONDAZIONE,PRIVATA,SI,10.4927375,45.3888699,POINT (10.4927375 45.3888699)
324,004834,F. SCACCABAROZZI,"VIA GIULIO BANFI,6",108036,ORNAGO,20876,MB,30,30,690672,KCS CAREGIVER COOPERATIVA SOCIALE,02125100160,02125100160,"ROTONDA DEI MILLE,1",016024,BERGAMO,BG,,PRIVATA,,9.4319275,45.5934574,POINT (9.4319275 45.5934574)
326,001729,CDI C/O FONDAZIONE GIROLDI FORCELLA UGONI ONLUS,"VIA CAVALIERI DI VITTORIO VENETO,9/A",017149,PONTEVICO,25026,BS,20,20,691160,FONDAZIONE GIROLDI FORCELLA-UGONI,02466660988,02466660988,VIA CAV.DI VIA VENETO 9/A,017149,PONTEVICO,BS,,PRIVATA,,10.08932,45.27469,POINT (10.08932 45.27469)
325,012487,VILLAGGIO DEGLI SPOSI,"VIA PROMESSI SPOSI,SNC",016024,BERGAMO,24127,BG,36,36,690823,FONDAZIONE CASA DI RICOVERO SANTA MARIA AUSILIATRICE ONLUS,01066880160,80017150162,"VIA MONTE GLENO,49",016024,BERGAMO,BG,,PRIVATA,,9.6495,45.6789,POINT (9.6495 45.6789)
327,001985,"""C DI """"IL GIRASOLE""""""","VIA GIUSEPPE GARIBALDI,93",019113,VESCOVATO,26039,CR,20,20,690519,"""FONDAZIONE """"ESILDA E FRANCESCO SOLDI"""" ONLUS""",00748800190,80002390195,"VIA GIUSEPPE GARIBALDI, 93",019113,VESCOVATO,CR,FONDAZIONE,PRIVATA,NO,10.1687282,45.1757367,POINT (10.1687282 45.1757367)
324,003570,CDI CENTRO DIURNO PER MALATI DI ALZHEIMER,"VIA MOLISE,13",108033,MONZA,20900,MB,30,30,691746,COOPERATIVA SOCIALE NUOVO SOLCO - ONLUS,02945000962,02945000962,"VIA MOLISE,13",108033,MONZA,MB,,PRIVATA,,9.25727,45.57305,POINT (9.25727 45.57305)
326,001736,SAN CARLO BORROMEO C/O CASA DI DIO,"VIA VITTORIO EMANUELE II,7",017029,BRESCIA,25122,BS,22,22,690754,FONDAZIONE CASA DI DIO ONLUS,02467380982,02467380982,"VIA MORETTO,4",017029,BRESCIA,BS,,PRIVATA,,10.2138276,45.5350425,POINT (10.2138276 45.5350425)
326,001463,CDI ACHILLE PAPA,"VIA DEL SANTELLONE,2",017029,BRESCIA,25132,BS,25,25,690813,FONDAZIONE BRESCIA SOLIDALE ONLUS,02912960982,98133500177,"VIA LUCIO FIORENTINI,19/B",017029,BRESCIA,BS,,PRIVATA,,10.1657313,45.5477561,POINT (10.1657313 45.5477561)
325,001304,"""CDI """"IL GRANDE ALBERO""""""","VIA ALESSANDRO VOLTA,269",016046,CALUSCO D'ADDA,24033,BG,40,40,104064,COOPERATIVA SOCIALE SAN NICOLO' - SOCIETA' COOPERATIVA SOCIALE,01665720163,01665720163,VIA PIO MANZU',016006,ALMENNO SAN BARTOLOMEO,BG,SOCIETA' COOPERATIVA DI SOLIDARIETA' SOCIALE,PRIVATA,SI,9.4669031,45.6907037,POINT (9.4669031 45.6907037)
325,001375,CDI ANDREA E MARIA PANZERI,"VIA SAN DEFENDENTE,26",016200,SOLTO COLLINA,24060,BG,20,20,691816,CACCIAMATTA SRL,03492560168,03492560168,"VIA SAN ROCCO,SNC",016211,TAVERNOLA BERGAMASCA,BG,,PRIVATA,,10.0252198,45.789132,POINT (10.0252198 45.789132)
321,004863,CDI FONDAZIONE OSPEDALE MARCHESI DI INZAGO,"VIA FERRARIO BALCONI,18",015114,INZAGO,20065,MI,15,15,690636,FONDAZIONE OSPEDALE MARCHESI DI INZAGO,02833990159,02833990159,"VIA LUIGI MARCHESI,25",015114,INZAGO,MI,,PRIVATA,,9.48129,45.53897,POINT (9.48129 45.53897)
328,002214,"""CDI """"VARNI E AGNETTI""""""","STRADA ARDIVESTRA,3",018073,GODIASCO SALICE TERME,27052,PV,40,40,691105,FONDAZIONE VARNI AGNETTI E.T.S.,01664350186,01664350186,"STRADA ARDIVESTRA,5",018073,GODIASCO SALICE TERME,PV,,PRIVATA,,9.0602159,44.8950179,POINT (9.0602159 44.8950179)
324,001209,CDI L'ARCA,"VIA SANT'APOLLINARE,1",108004,ARCORE,20862,MB,30,30,691774,COMUNE DI ARCORE,00988560967,87003290159,"LARGO VINCENZO VELA,1",108004,ARCORE,MB,,PUBBLICA,,9.33103,45.63139,POINT (9.33103 45.63139)
321,002427,CDI C/O CASA DI RIPOSO RSA SANDRO PERTINI,"VIA PER CESATE,62",015105,GARBAGNATE MILANESE,20024,MI,40,40,030706,ASST RHODENSE,09323530965,09323530965,"VIALE CARLO FORLANINI,95",015105,GARBAGNATE MILANESE,MI,ASST,PUBBLICA,NO,9.07868,45.58497,POINT (9.07868 45.58497)
327,001907,CENTRO DIURNO INTEGRATO VILLA CARPANEDA,"VIA CANTARANA,25",020051,RODIGO,46040,MN,20,20,137308,GRUPPO GHERON SRL,01574550339,01574550339,"VIA ARCHIMEDE,57",015146,MILANO,MI,,PRIVATA,,10.62153,45.19697,POINT (10.62153 45.19697)
327,001940,CDI SAN TEODORO,"VIA PICCINARDI,24",019035,CREMA,26013,CR,25,25,152012,PROGETTO ITACA - SOCIETA' COOPERATIVA SOCIALE,03597230139,03597230139,"VIA MARTINO ANZI,8",013075,COMO,CO,SOCIETA' COOPERATIVA DI SOLIDARIETA' SOCIALE,PRIVATA,SI,9.6837504,45.3620616,POINT (9.6837504 45.3620616)
321,000436,VODIA CREMONCINI,"VIA MICHELE SAPONARO,32",015146,MILANO,20142,MI,30,30,692107,PROGETTO PERSONA ONLUS SCS,13430750151,12875770153,"VIA LORENZO VALLA,25",015146,MILANO,MI,SOCIETA' COOPERATIVA DI SOLIDARIETA' SOCIALE,PRIVATA,NO,9.1740293,45.4074472,POINT (9.1740293 45.4074472)
328,002023,ARCOBALENO,"VIA FERRUCCIO BELLI,8",018041,CAVA MANARA,27051,PV,40,40,690769,COOPERATIVA SOCIALE ARCOBALENO SOCIETA' PER AZIONI,01967560184,01967560184,"VIA FERRUCCIO BELLI,8",018041,CAVA MANARA,PV,SOCIETA' COOPERATIVA DI SOLIDARIETA' SOCIALE,PRIVATA,SI,9.1027,45.14188,POINT (9.1027 45.14188)
325,060933,CENTRO DIURNO INTEGRATO DI NEMBRO,"VIA DEI FRATI,1",016144,NEMBRO,24027,BG,30,30,690686,FONDAZIONE R.S.A. CASA RIPOSO NEMBRO O.N.L.U.S.,01742130162,80024150163,"VIA DEI FRATI,1",016144,NEMBRO,BG,,PRIVATA,,9.7503337,45.7410523,POINT (9.7503337 45.7410523)
323,000982,IL GIRASOLE,"VIA GIOVAN BATTISTA CERLETTI,19",014018,CHIAVENNA,23022,SO,20,20,691725,L'ARCA SOCIETA' COOPERATIVA SOCIALE,00528850142,00528850142,"VIA DON PIETRO BUZZETTI,41",014018,CHIAVENNA,SO,,PRIVATA,,9.4004155,46.3216188,POINT (9.4004155 46.3216188)
328,002078,"""CDI """"VILLA ANTEA""""""","VIA GIACOMO PASINI,12",018176,VIDIGULFO,27018,PV,25,25,690869,CROCE DI MALTA SRL,03653930960,03653930960,"VIALE CASSALA,22",015146,MILANO,MI,,PRIVATA,,9.23677,45.29043,POINT (9.23677 45.29043)
321,000376,CDI FAMAGOSTA,"VIA ANTONIO DI RUDINI',3",015146,MILANO,20142,MI,30,30,690681,NUOVA ASSISTENZA- SOCIETA' COOPERATIVA SOCIALE ONLUS,01684780032,06902520011,"VIA BAVENO,4",003106,NOVARA,NO,,PRIVATA,,9.1590887,45.4328133,POINT (9.1590887 45.4328133)
322,000765,CDI IL MELO,"VIA MAGENTA,3",012070,GALLARATE,21013,VA,40,40,691476,IL MELO ONLUS SOCIETA' COOPERATIVA SOCIALE,01564890125,91002590122,"VIA MAGENTA,3",012070,GALLARATE,VA,,PRIVATA,,8.7934,45.65624,POINT (8.7934 45.65624)
321,000284,CDI ANDREA DONATO,"VIA ALESSANDRO MANZONI,22",015086,CORMANO,20032,MI,17,17,120850,REMBRANDT COOPERATIVA SOCIALE,01957760133,01957760133,"VIA VARESE,25/D",012119,SARONNO,VA,,PRIVATA,,9.18006,45.53878,POINT (9.18006 45.53878)
327,004765,FONDAZIONE FRANCO NICOLAI ONLUS,"VIA SAN MARTINO,80",020070,VOLTA MANTOVANA,46049,MN,14,14,690467,FONDAZIONE FRANCO NICOLAI ONLUS,01564480208,81003970209,"VIA SAN MARTINO,80",020070,VOLTA MANTOVANA,MN,,PRIVATA,,10.6589,45.32441,POINT (10.6589 45.32441)
324,001047,CDI CORTE BUSCA,"PIAZZA DON ANGELO LIMONTA,1",097044,LOMAGNA,23871,LC,30,30,691775,L'ARCOBALENO SOCIETA' COOPERATIVA SOCIALE - ONLUS,01461770131,01461770131,"VIALE FILIPPO TURATI,117",097042,LECCO,LC,SOCIETA' COOPERATIVA DI SOLIDARIETA' SOCIALE,PRIVATA,SI,9.37484,45.6715,POINT (9.37484 45.6715)
326,001505,CDI DI PARATICO,"VIA DEI TIMONI LAGO,44",017134,PARATICO,25030,BS,25,25,692093,COOPERATIVA SOCIALE SOCIETA' DOLCE SOCIETA' COOPERATIVA,03772490375,03772490375,"VIA CRISTINA DA PIZZANO,5",037006,BOLOGNA,BO,,PRIVATA,,9.9594314,45.6615908,POINT (9.9594314 45.6615908)
321,000068,"""CDI C/O RESIDENZA """"VILLA ARCADIA""""""","VIA LUIGI CADORNA,18",015012,BAREGGIO,20008,MI,37,37,690489,ANZIANI '93 - COOPERATIVA SOCIALE,12481490154,12481490154,"VIA LUIGI CADORNA,18",015012,BAREGGIO,MI,,PRIVATA,,8.992068,45.4762482,POINT (8.992068 45.4762482)
321,027248,GRACE,"VIA GIOVANNI BATTISTA RASARIO,8/A",015146,MILANO,20153,MI,30,30,733644,EQUA COOPERATIVA SOCIALE,12481880156,12481880156,"VIA GIOVANNI MARIA BICETTI DE' BUTTINONI,15",015146,MILANO,MI,,PRIVATA,,9.074883,45.4916168,POINT (9.074883 45.4916168)
322,002711,CDI FONDAZIONE BELLARIA ETS,"VIA MONTE CARMELO,22",013010,APPIANO GENTILE,22070,CO,30,30,690866,FONDAZIONE BELLARIA ONLUS,02019090139,80014800132,"VIA MONTE CARMELO,22",013010,APPIANO GENTILE,CO,,PRIVATA,,8.973588,45.7362708,POINT (8.973588 45.7362708)
326,001616,CENTRO DIURNO INTEGRATO COMUNALE,"VIA MARTIRI DELLA LIBERTA',2",017138,SAN PAOLO,25020,BS,20,20,111647,ELEFANTI VOLANTI SOCIETA' COOPERATIVA SOCIALE - ONLUS,03180410981,03180410981,"VIA ENRICO FERRI,99",017029,BRESCIA,BS,SOCIETA' COOPERATIVA DI SOLIDARIETA' SOCIALE,PRIVATA,SI,10.0188452,45.3724871,POINT (10.0188452 45.3724871)
325,098403,CDI INES MANGILI,"VIA ROMA,40",016030,BONATE SOPRA,24040,BG,40,40,130508,CONSORZIO STABILE HCM,04409410968,04409410968,"VIA CRESCENZAGO,55",015146,MILANO,MI,,PRIVATA,,9.55685,45.68608,POINT (9.55685 45.68608)
325,001372,"""CDI """"FONDAZIONE S. GIULIANO""""""","VIA CIRCONVALLAZIONE SUD,121",016075,CISERANO,24040,BG,30,30,691807,FONDAZIONE SAN GIULIANO ONLUS,03052430166,93028490162,"VIA CIRCONVALLAZIONE SUD,121",016075,CISERANO,BG,FONDAZIONE,PRIVATA,NO,9.5993345,45.5851987,POINT (9.5993345 45.5851987)
327,001767,CDI CASA DI RIPOSO SAN GIUSEPPE,"LARGO VITTORIA,20",019053,ISOLA DOVARESE,26031,CR,13,13,690436,FONDAZIONE CASA DI RIPOSO SAN GIUSEPPE ONLUS,00825790199,80002410191,"LARGO VITTORIA, 20",019053,ISOLA DOVARESE,CR,FONDAZIONE,PRIVATA,NO,10.3132968,45.1748266,POINT (10.3132968 45.1748266)
321,004750,FONDAZIONE FERRARIO,"VIA GIUSEPPE GARIBALDI,1",015229,VANZAGO,20043,MI,20,20,690479,FONDAZIONE FERRARIO,04026870156,86501900152,"VIA VITTORIO EMANUELE II,2",015229,VANZAGO,MI,FONDAZIONE,PRIVATA,NO,9.0042859,45.5299713,POINT (9.0042859 45.5299713)
321,000576,CDI POLIVALENTE PER ANZIANI C/O RSA COMUNALE,"VIA ALEMANNI,10",015098,CUSANO MILANINO,20095,MI,16,16,123408,SERENI ORIZZONTI 1 SPA,02833470301,02833470301,"VIA VITTORIO VENETO,45",030129,UDINE,UD,,PRIVATA,,9.1806866,45.5484685,POINT (9.1806866 45.5484685)
327,001919,C.D.I. G. BONINSEGNA,"VIA DONATORI DEL SANGUE,12",020039,PEGOGNAGA,46020,MN,15,15,692093,COOPERATIVA SOCIALE SOCIETA' DOLCE SOCIETA' COOPERATIVA,03772490375,03772490375,"VIA CRISTINA DA PIZZANO,5",037006,BOLOGNA,BO,,PRIVATA,,10.8580798,44.9925566,POINT (10.8580798 44.9925566)
327,001897,CDI ALZHEIMER,"VIA BRESCIA,207",019036,CREMONA,26100,CR,20,20,690876,AZIENDA SPECIALE COMUNALE CREMONA SOLIDALE,01310740194,93042130190,"VIA BRESCIA,207",019036,CREMONA,CR,,PUBBLICA,,10.03753022,45.15182072,POINT (10.03753022 45.15182072)
324,001005,LE QUERCE DI MAMRE,"VIA CADUTI DI VIA FANI,12",097036,GALBIATE,23851,LC,40,25,691775,L'ARCOBALENO SOCIETA' COOPERATIVA SOCIALE - ONLUS,01461770131,01461770131,"VIALE FILIPPO TURATI,117",097042,LECCO,LC,SOCIETA' COOPERATIVA DI SOLIDARIETA' SOCIALE,PRIVATA,SI,9.3834645,45.8143036,POINT (9.3834645 45.8143036)
321,000214,CDI CENTRO GIROLA,"VIA CARLO GIROLA,30",015146,MILANO,20162,MI,40,40,690451,FONDAZIONE DON CARLO GNOCCHI ONLUS,12520870150,04793650583,"VIA CARLO GIROLA,30",015146,MILANO,MI,FONDAZIONE,PRIVATA,SI,9.1922306,45.5112391,POINT (9.1922306 45.5112391)
322,000709,CDI CENTRO POLIFUNZIONALE PER LA TERZA ETA',"VIA TORQUATO TASSO,58",012026,BUSTO ARSIZIO,21052,VA,30,30,143190,BUSTO CARE-CONSORZIO DI COOPERATIVE-COOPERATIVA SOCIALE,03608150128,03608150128,"VIA TORQUATO TASSO,58",012026,BUSTO ARSIZIO,VA,,PRIVATA,,8.87062319,45.61760695,POINT (8.87062319 45.61760695)
322,037026,CDI FONDAZIONE VELINI CASA FAMIGLIA ONLUS,"VIA SANTO STEFANO,39/A",012127,TRADATE,21049,VA,15,15,690496,FONDAZIONE VELINI CASA FAMIGLIA ONLUS,01551760125,95004460127,VIA SANTO STEFANO 39A,012127,TRADATE,VA,FONDAZIONE,PRIVATA,NO,8.9049209,45.7149952,POINT (8.9049209 45.7149952)
327,001836,PLACIDA MAZZA,"VIA PORTA SOCCORSO,25",019076,PIZZIGHETTONE,26026,CR,15,15,690585,FONDAZIONE ISTITUTO CARLO VISMARA - GIOVANNI DE PETRI ONLUS,00408630192,83000090197,"VIA CARLO VISMARA,10",019088,SAN BASSANO,CR,FONDAZIONE,PRIVATA,SI,9.7815181,45.1852216,POINT (9.7815181 45.1852216)
321,000258,"""CDI """"SANTA GIULIA""""""","VIA RICCARDO PITTERI,81",015146,MILANO,20134,MI,20,20,691212,SEGESTA GESTIONI SRL,04140620966,04140620966,"VIALE CASSALA,22",015146,MILANO,MI,SOCIETA' A RESPONSABILITA' LIMITATA CON UN UNICO SOCIO,PRIVATA,NO,9.2465586,45.4778355,POINT (9.2465586 45.4778355)
